0,0,3.418919924,7.042747625,4.585737439,4.76791653204881,7.3225371663685,-0.961790628710833,-0.273786023244467,0
0.01,0,3.418919924,7.042747625,4.585737439,4.76791653204881,7.3225371663685,-0.961790628710833,-0.273786023244467,0
0.02,0.0504131132075472,3.41942304888231,7.04278412836859,4.58586567271117,4.76873344618026,7.32362494327558,-0.961652758424658,-0.274269889368566,0.0504131132075472
0.03,0.100826226415094,3.42042929864693,7.04285726413167,4.58612210336955,4.77037156262456,7.32580713185827,-0.96137628760439,-0.275237413212668,0.100826226415094
0.04,0.151239339622641,3.42193867329387,7.04296735477062,4.58650663877314,4.77283945430797,7.32909709147265,-0.960959756279536,-0.276688176131858,0.151239339622641
0.05,0.201652452830189,3.42395117282311,7.04311491599904,4.58701913050328,4.77615001027524,7.33351495194825,-0.960400975814187,-0.278621545568818,0.201652452830189
0.06,0.252060830188679,3.4264667499707,7.04330065290714,4.58765936063131,4.78032040455727,7.3390875781785,-0.959697043791816,-0.281036624192024,0.252060830188679
0.07,0.302473943396226,3.4294854520006,7.04352546985154,4.58842707607607,4.78537239514537,7.34584897811115,-0.958844306606295,-0.283932378725452,0.302473943396226
0.08,0.352887056603774,3.43300727891282,7.04379045943509,4.58932195025223,4.79133217320203,7.35384011307596,-0.957838401587007,-0.287307494585936,0.352887056603774
0.09,0.403300169811321,3.43703223070734,7.04409690512131,4.59034359240147,4.79823054227683,7.36310915131922,-0.956674247299355,-0.291160410348337,0.403300169811321
0.1,0.453713283018868,3.44156030738418,7.04444628023709,4.59149154440329,4.80610304090197,7.37371164936295,-0.9553460475832,-0.295489304996236,0.453713283018868
0.11,0.504131132075472,3.44659155620728,7.04484025049486,4.59276528907785,4.8149901721677,7.38571088126189,-0.953847282103631,-0.300292128474119,0.504131132075472
0.12,0.554520566037736,3.45212569359289,7.04528064283698,4.59416415038242,4.82493689603254,7.39917717430675,-0.952170826142851,-0.305566224970041,0.554520566037736
0.13,0.604957358490566,3.45816319218062,7.04576952958469,4.59568756383722,4.83599478054544,7.41419084667883,-0.950308627777072,-0.311309350923575,0.604957358490566
0.14,0.65534679245283,3.46470357933085,7.0463090917595,4.59733464121676,4.84821915561936,7.4308383837905,-0.948252233170646,-0.317518034585256,0.65534679245283
0.15,0.70578358490566,3.4717473276832,7.04690176879973,4.59910464249458,4.86167284284715,7.44921753661218,-0.945992211150351,-0.32418935275988,0.70578358490566
0.16,0.756173018867924,3.47929396459805,7.04755010172402,4.60099649332617,4.87642292019042,7.46943295807485,-0.943518757217741,-0.331319113210044,0.756173018867924
0.17,0.806609811320755,3.48734396271502,7.04825688805694,4.60300925424418,4.89254468251816,7.49160165752204,-0.940821096778424,-0.338903620306191,0.806609811320755
0.18,0.856999245283019,3.49589684939449,7.04902501818577,4.60514163934418,4.91011833667447,7.51584852499783,-0.937888116656503,-0.346937862786,0.856999245283019
0.19,0.907436037735849,3.50495309727609,7.04985763633627,4.60739248237064,4.92923324185984,7.54231221767504,-0.93470774384217,-0.355417266887078,0.907436037735849
0.2,0.957825471698113,3.51451223372018,7.05075796910569,4.6097602570682,4.94998453276558,7.57114056806587,-0.93126760832376,-0.364335891296677,0.957825471698113
0.21,1.00826226415094,3.5245747313664,7.05172949330357,4.61224353976914,4.97247769834913,7.60249699260199,-0.927554394321449,-0.373688166222814,1.00826226415094
0.22,1.05865169811321,3.53514011757511,7.05277575564998,4.61484053192663,4.99682513694124,7.63655578935656,-0.923554538222557,-0.383467097582727,1.05865169811321
0.23,1.10908849056604,3.54620886498595,7.05390054826751,4.61754951878111,5.02315114462206,7.67350917818275,-0.919253549383,-0.393665990335407,1.10908849056604
0.24,1.1594779245283,3.55778050095929,7.05510771854435,4.62036839465289,5.05158841506999,7.71356250711844,-0.914636746903077,-0.404276664197375,1.1594779245283
0.25,1.20991471698113,3.56985549813475,7.0564013530326,4.62329511722877,5.08228352599026,7.756942059712,-0.9096885472024,-0.41529115941564,1.20991471698113
0.26,1.2603041509434,3.58243338387271,7.05778557649165,4.62632723625879,5.11539340935341,7.80389020898809,-0.904393243303562,-0.426699966565342,1.2603041509434
0.27,1.21389283018868,3.59454808277679,7.05915545202024,4.62923069599467,5.14840821828859,7.85085391721845,-0.899157661886707,-0.437624838269528,1.21389283018868
0.28,1.16752886792453,3.60620006748661,7.06050673947014,4.6320070933966,5.1812302377814,7.89768026580822,-0.893997541282787,-0.448071864972944,1.16752886792453
0.29,1.12111754716981,3.61738886536256,7.06183528663587,4.63465782421122,5.21375887828256,7.9442124573529,-0.888928301520898,-0.458046367472958,1.12111754716981
0.3,1.07470622641509,3.62811447640463,7.06313718583771,4.63718441350091,5.24589475760774,7.99029562584875,-0.883964438435586,-0.467554137593989,1.07470622641509
0.31,1.02829490566038,3.63837690061281,7.06440871914629,4.63958839228474,5.27753865998813,8.03577536904995,-0.879119735770003,-0.476600975848435,1.02829490566038
0.32,0.98188358490566,3.64817613798712,7.06564635556151,4.64187128857212,5.30859179239778,8.0804981265771,-0.874407275997292,-0.485192658315226,0.98188358490566
0.33,0.935519622641509,3.65751266116718,7.06684680887431,4.64403472837943,5.33895762678627,8.12431385084317,-0.86983921825483,-0.493335316378046,0.935519622641509
0.34,0.889108301886792,3.66638599751335,7.06800685437563,4.64608009800635,5.36853761641915,8.16706984606362,-0.865427501857632,-0.501034169521858,0.889108301886792
0.35,0.842696981132075,3.67479614702565,7.06912350402889,4.64800886729726,5.39723604834091,8.20861777492789,-0.861183173325547,-0.508294739281198,0.842696981132075
0.36,0.796285660377358,3.68274310970406,7.07019394484941,4.64982247178975,5.42495892282738,8.24881206969341,-0.857116622989351,-0.51512240739006,0.796285660377358
0.37,0.749874339622641,3.6902268855486,7.0712155359162,4.65152230598971,5.45161432937384,8.28751049781098,-0.85323759623399,-0.521522391056072,0.749874339622641
0.38,0.703510377358491,3.69724794719889,7.072185870744,4.65310982393757,5.47711457068017,8.32457727086953,-0.849554955239821,-0.527500121353034,0.703510377358491
0.39,0.657099056603774,3.70380582201529,7.07310257988079,4.65458621182479,5.50137142672763,8.35987618672008,-0.846077432476408,-0.53306001374529,0.657099056603774
0.4,0.610687735849057,3.70990050999782,7.07396352101262,4.65595270498419,5.52430163464041,8.39327860884046,-0.842812904311525,-0.53820665949612,0.610687735849057
0.41,0.56427641509434,3.71553201114646,7.07476671253923,4.65721047497145,5.54582563332233,8.4246616714088,-0.839768644543818,-0.542944401979649,0.56427641509434
0.42,0.517865094339623,3.72070032546123,7.07551033098032,4.65836062487272,5.56586797295138,8.45390889945666,-0.83695133400776,-0.547277319558039,0.517865094339623
0.43,0.471477452830189,3.72540568926193,7.07619274278574,4.65940423740787,5.58435865251174,8.48091218460152,-0.834366939399953,-0.551209407064461,0.471477452830189
0.44,0.425075603773585,3.72964796075668,7.07681241347388,4.66034223434491,5.6012311069274,8.50556886919524,-0.8320210584743,-0.554744047516785,0.425075603773585
0.45,0.378669018867924,3.73342709268151,7.077367972973,4.66117547844113,5.61642440464475,8.52778497353428,-0.829918671136455,-0.557884395998939,0.378669018867924
0.46,0.332267169811321,3.73674313230038,7.07785821416437,4.66190476988752,5.6298836255615,8.54747577028077,-0.828064144829026,-0.560633366870519,0.332267169811321
0.47,0.285865320754717,3.7395960796133,7.07828207039062,4.6625308120824,5.64155962470137,8.56456545811617,-0.826461319608798,-0.562993505460307,0.285865320754717
0.48,0.239463471698113,3.74198593462027,7.07863862069531,4.66305421960393,5.65140951869673,8.57898789000349,-0.825113487914299,-0.564967018561172,0.239463471698113
0.49,0.193061622641509,3.74391269732128,7.07892708840066,4.66347551604547,5.65939695177442,8.59068697757423,-0.824023399627995,-0.56655576677457,0.193061622641509
0.5,0.146659773584906,3.74537636771634,7.07914683988995,4.66379513218901,5.6654923245851,8.59961703917786,-0.823193266355816,-0.567761258123908,0.146659773584906
0.51,0.100257924528302,3.74637694580545,7.07929738360075,4.66401340451255,5.66967298274928,8.60574308680481,-0.82262476490327,-0.568584642922968,0.100257924528302
0.52,0.116723998113208,3.74754185596626,7.07924469095242,4.66393716911298,5.67415279692496,8.61261946865452,-0.821961856867961,-0.569542540864309,0.116723998113208
0.53,0.133195754716981,3.74887115491553,7.07898810638213,4.66356686713426,5.67893805690993,8.62025486222944,-0.821204038571929,-0.570634670374272,0.133195754716981
0.54,0.149662301886792,3.7503647906629,7.07852684227487,4.66290305897924,5.68403546956239,8.6286583990334,-0.820350802515002,-0.57186061309815,0.149662301886792
0.55,0.166128849056604,3.75202276320838,7.07785996099981,4.66194639825346,5.68945277157994,8.63784062104434,-0.819401546233216,-0.573219945597337,0.166128849056604
0.56,0.182595396226415,3.75384507255195,7.0769863819262,4.66069764190928,5.69519855344429,8.64781320347138,-0.818355602209975,-0.574712196087354,0.182595396226415
0.57,0.199066679245283,3.75583176595759,7.07590487492211,4.65915764098073,5.70128245529539,8.65858926169342,-0.817212211026884,-0.576336882516252,0.199066679245283
0.58,0.215519018867924,3.75798265436945,7.0746141042829,4.65732740321529,5.70771412136856,8.6701817008552,-0.815970685318519,-0.578093280276485,0.215519018867924
0.59,0.232018716981132,3.76029821042715,7.07311249291006,4.65520789949023,5.71450660918503,8.68260858825873,-0.814629891582911,-0.579981154641782,0.232018716981132
0.6,0.248471056603774,3.76277796149106,7.07139846759998,4.65280041393429,5.72167034569582,8.69588362172053,-0.813189179525941,-0.581999448712735,0.248471056603774
0.61,0.264923396226415,3.76542190756118,7.06947024534262,4.65010623702591,5.72921849819164,8.71002459675775,-0.811647563885662,-0.584147440325189,0.264923396226415
0.62,0.281404150943396,3.76823033222129,7.06732580336135,4.64712662778715,5.73716623201429,8.72505231668181,-0.810003831134516,-0.586424584705831,0.281404150943396
0.63,0.297884905660377,3.7712032354714,7.06496323039174,4.6438633042386,5.74552901767359,8.74098753336756,-0.808256870682195,-0.588830052727462,0.297884905660377
0.64,0.314318301886793,3.77434014467186,7.06238026066664,4.64031779392131,5.75432102299991,8.75784914119672,-0.806405790600499,-0.591362579883091,0.314318301886793
0.65,0.33084641509434,3.77764200510195,7.05957456982531,4.63649184108282,5.76356361244564,8.77566671194429,-0.804448801618314,-0.594021990817561,0.33084641509434
0.66,0.347279811320755,3.78110787148239,7.05654369800205,4.63238731087388,5.77327132292841,8.79445923596166,-0.802385173285805,-0.596806529531228,0.347279811320755
0.67,0.36371320754717,3.7847377438132,7.05328505870766,4.62800618612822,5.78346383382539,8.81425335362907,-0.800213560437724,-0.599715147125351,0.36371320754717
0.68,0.380241320754717,3.78853256737363,7.04979593722908,4.62335057198447,5.79416620033647,8.83508371315851,-0.79793199092494,-0.602747490959989,0.380241320754717
0.69,0.396674716981132,3.79249139688442,7.0460734878307,4.6184227016837,5.80539658430474,8.85697425315791,-0.795539569883977,-0.605901636199158,0.396674716981132
0.7,0.413155471698113,3.7966147049852,7.04211482042021,4.61322503199459,5.81718079164688,8.84271294999919,-0.793034495097505,-0.609176730994746,0.413155471698113
0.71,0.429636226415094,3.80090249167597,7.0379166923537,4.60775985218356,5.82954362684396,8.80263004978335,-0.790415193217817,-0.612571483445354,0.429636226415094
0.72,0.446069622641509,3.8053542843171,7.03347596817831,4.60202988278085,5.84250960144605,8.76174135421877,-0.787680328611155,-0.616084166262227,0.446069622641509
0.73,0.46255037735849,3.80997055554822,7.02878939840221,4.59603797611703,5.85610905867303,8.72009400207149,-0.784827934396165,-0.619713735035338,0.46255037735849
0.74,0.479031132075472,3.81475130536934,7.0238533837597,4.58978682827728,5.87037150253007,8.67774101155064,-0.781856280526562,-0.623458704808241,0.479031132075472
0.75,0.495511886792453,3.81969653378044,7.01866452144612,4.58327966981213,5.88532867408915,8.63473460734334,-0.778763587153689,-0.627317523526578,0.495511886792453
0.76,0.511945283018868,3.8248057681419,7.0132190653884,4.57651957985106,5.90101149882966,8.59113220414719,-0.775548324343837,-0.631288204077556,0.511945283018868
0.77,0.513650188679245,3.82993201752992,7.00774198813889,4.56979089704704,5.91710347978898,8.5480703563419,-0.772302007672513,-0.635255546174141,0.513650188679245
0.78,0.515355094339623,3.83507528194449,7.00223335445454,4.56309386168926,5.93361296472044,8.50554154056073,-0.769024519937533,-0.639219279852264,0.515355094339623
0.79,0.517012641509434,3.84023508874598,6.99669315132501,4.55642861834268,5.95054605593094,8.46354330501245,-0.76571604950461,-0.643178771051295,0.517012641509434
0.8,0.518717547169811,3.84541191057402,6.99112153081159,4.54979550257316,5.96791401593484,8.42206338537921,-0.762376182100617,-0.647134110494638,0.518717547169811
0.81,0.520422452830189,3.85060574742861,6.98551856456723,4.54319475638386,5.9857259459383,8.3810947292097,-0.759004805334717,-0.65108502169748,0.520422452830189
0.82,0.522127358490566,3.85581659930976,6.97988432658132,4.53662662232581,6.00399121786522,8.34063043243841,-0.755601808481467,-0.655031225988149,0.522127358490566
0.83,0.523784905660377,3.86104399357782,6.97421881115128,4.53009124884272,6.02271686485545,8.30066835761681,-0.752167393967547,-0.658972087005261,0.523784905660377
0.84,0.525489811320755,3.86628840287244,6.96852218160302,4.52358897190836,6.04191537774952,8.26119713088798,-0.748701146753449,-0.662907680488068,0.525489811320755
0.85,0.527194716981132,3.87154982719361,6.96279451898769,4.51712003559259,6.06159700144685,8.22221027638339,-0.745202961284689,-0.666837721257976,0.527194716981132
0.86,0.528899622641509,3.87682826654133,6.9570359067479,4.51068468444616,6.08177229513613,8.18370145333208,-0.741672733793989,-0.67076192195633,0.528899622641509
0.87,0.530557169811321,3.88212324827598,6.95124634671882,4.50428307058933,6.10244938223734,8.14566880261626,-0.738110681212718,-0.674679644186556,0.530557169811321
0.88,0.532262075471698,3.88743524503717,6.94542601369836,4.49791553007193,6.12364217051396,8.10810176900629,-0.734516388258267,-0.678590948495506,0.532262075471698
0.89,0.533966981132076,3.89276425682492,6.93957499835363,4.49158230875771,6.14536223496061,8.07099440210251,-0.730889756702275,-0.682495541046012,0.533966981132076
0.9,0.535671886792453,3.89811028363921,6.93369339379719,4.48528365292079,6.16762151706462,8.03434087482948,-0.727230690228134,-0.686393125832647,0.535671886792453
0.91,0.537329433962264,3.90347285284043,6.92778120962995,4.47901971814219,6.19042942221189,7.99813957504033,-0.723539420717892,-0.690283062712114,0.537329433962264
0.92,0.539034339622641,3.9088524370682,6.92183863232249,4.47279084020085,6.21380150048715,7.96238070191944,-0.719815533188531,-0.694165396847546,0.539034339622641
0.93,0.540739245283019,3.91424903632252,6.9158657623711,4.46659726646719,6.23775088080602,7.92705878522187,-0.716058937238295,-0.698039825798761,0.540739245283019
0.94,0.542444150943396,3.9196626506034,6.90986270277017,4.46043924464787,6.2622911214768,7.8921684675822,-0.712269544504344,-0.701906044974379,0.542444150943396
0.95,0.544101698113207,3.92509280727119,6.90382947111185,4.45431693355521,6.28743314156493,7.85770835650175,-0.708447602266914,-0.705763412796569,0.544101698113207
0.96,0.545806603773585,3.93053997896554,6.8977662657326,4.44823066833502,6.31319440441936,7.82366934809455,-0.704592696404402,-0.709611958871589,0.545806603773585
0.97,0.547511509433962,3.93600416568644,6.89167319716576,4.44218069756266,6.33958986320097,7.79004641204998,-0.700704744852331,-0.713451372233196,0.547511509433962
0.98,0.54921641509434,3.94148536743389,6.88555037849406,4.43616727007187,6.3666349767082,7.75683462166185,-0.696783667714768,-0.717281339786527,0.54921641509434
0.99,0.550873962264151,3.94698311156826,6.87939783552312,4.43019054766286,6.39434245943066,7.72403278027202,-0.692829728118335,-0.721101218855907,0.550873962264151
1,0.552578867924528,3.95249787072918,6.87321577864024,4.42425086447085,6.4227320156818,7.69163242940086,-0.688842513383489,-0.724911023337014,0.552578867924528
1.01,0.554283773584906,3.95802964491666,6.86700432861775,4.41834846995966,6.45182075136881,7.65962894294097,-0.684821950303295,-0.728710433836919,0.554283773584906
1.02,0.554283773584906,3.96356141910413,6.86076032308476,4.41248052592009,6.48150317287123,7.62814263344823,-0.680780431364876,-0.732487545471357,0.554283773584906
1.03,0.554283773584906,3.9690931932916,6.85448395311063,4.40664721191385,6.5117917498933,7.59716362903211,-0.676718080240521,-0.73624224265902,0.554283773584906
1.04,0.554283773584906,3.97462496747908,6.84817541075509,4.40084870644297,6.54269933541384,7.5666823258654,-0.672635021239992,-0.739974410504496,0.554283773584906
1.05,0.554283773584906,3.98015674166655,6.84183488906236,4.39508518694429,6.57423918006971,7.5366893794064,-0.668531379306722,-0.743683934801776,0.554283773584906
1.06,0.554283773584906,3.98568851585403,6.83546258205525,4.38935682978411,6.60642494719757,7.50717569596733,-0.664407280013991,-0.747370702037757,0.554283773584906
1.07,0.554283773584906,3.9912202900415,6.82905868472919,4.38366381025271,6.63927072856937,7.47813242461298,-0.660262849561085,-0.751034599395711,0.554283773584906
1.08,0.554283773584906,3.99675206422898,6.82262339304631,4.37800630255905,6.67279106085908,7.44955094937489,-0.656098214769429,-0.754675514758739,0.554283773584906
1.09,0.554283773584906,4.00228383841645,6.81615690392943,4.37238447982538,6.70700094288038,7.42142288176676,-0.651913503078713,-0.758293336713202,0.554283773584906
1.1,0.554283773584906,4.00781561260392,6.809659415256,4.366798514082,6.74191585363787,7.39374005358761,-0.647708842542987,-0.761887954552127,0.554283773584906
1.11,0.554283773584906,4.0133473867914,6.80313112585208,4.36124857626197,6.77755177123667,7.36649451000007,-0.643484361826747,-0.7654592582786,0.554283773584906
1.12,0.554283773584906,4.01887916097887,6.79657223548625,4.35573483619586,6.8139251926984,7.3396785028715,-0.639240190200993,-0.769007138609128,0.554283773584906
1.13,0.554283773584906,4.02441093516635,6.7899829448635,4.35025746260659,6.85105315473449,7.31328448436656,-0.634976457539276,-0.772531486976985,0.554283773584906
1.14,0.554283773584906,4.02994270935382,6.78336345561906,4.34481662310424,6.88895325553121,7.28730510078021,-0.630693294313725,-0.776032195535534,0.554283773584906
1.15,0.554283773584906,4.0354744835413,6.77671397031227,4.33941248418094,6.92764367760412,7.2617331866008,-0.626390831591051,-0.779509157161525,0.554283773584906
1.16,0.554283773584906,4.04100625772877,6.77003469242036,4.33404521120575,6.96714321178377,7.23656175879329,-0.622069201028541,-0.782962265458376,0.554283773584906
1.17,0.554283773584906,4.04653803191625,6.76332582633222,4.32871496841964,7.00747128239826,7.2117840112933,-0.617728534870023,-0.786391414759428,0.554283773584906
1.18,0.554283773584906,4.05206980610372,6.75658757734215,4.32342191893041,7.04864797372299,7.1873933097029,-0.613368965941825,-0.789796500131177,0.554283773584906
1.19,0.554283773584906,4.05760158029119,6.74982015164359,4.31816622470775,7.09069405777237,7.1633831861798,-0.608990627648708,-0.793177417376487,0.554283773584906
1.2,0.554283773584906,4.06313335447867,6.7430237563228,4.31294804657827,7.13363102351357,7.1397473345117,-0.604593653969783,-0.796534063037775,0.554283773584906
1.21,0.554283773584906,4.06866512866614,6.73619859935251,4.30776754422053,7.17748110758787,7.11647960536812,-0.600178179454413,-0.799866334400184,0.554283773584906
1.22,0.554283773584906,4.07419690285362,6.72934488958559,4.30262487616024,7.22226732663104,7.09357400172242,-0.595744339218095,-0.803174129494717,0.554283773584906
1.23,0.554283773584906,4.07972867704109,6.72246283674861,4.29752019976534,7.26801351129047,7.0710246744369,-0.591292268938324,-0.806457347101363,0.554283773584906
1.24,0.554283773584906,4.08526045122857,6.71555265143549,4.29245367124121,7.31474434204412,7.0488259180044,-0.586822104850445,-0.809715886752195,0.554283773584906
1.25,0.554283773584906,4.09079222541604,6.70861454510097,4.28742544562589,7.36248538693309,7.02697216644002,-0.582333983743479,-0.81294964873444,0.554283773584906
1.26,0.554283773584906,4.09632399960352,6.70164873005423,4.28243567678534,7.4112631413285,7.00545798931682,-0.577828042955941,-0.816158534093534,0.554283773584906
1.27,0.523074528301887,4.10154430427719,6.69484667952564,4.27761992668186,7.45802176572882,6.98563560491772,-0.573559592751314,-0.819163838046423,0.523074528301887
1.28,0.491865283018868,4.10645313943706,6.68821154645327,4.27297415980827,7.5026117483257,6.96744352707793,-0.569531558228618,-0.821969466696715,0.491865283018868
1.29,0.460656037735849,4.11105050508312,6.68174630992866,4.26849448461185,7.54488677853937,6.9508254639969,-0.565746658618275,-0.824579115829559,0.460656037735849
1.3,0.42944679245283,4.11533640121539,6.67545378046325,4.26417715780721,7.58470461211511,6.93573003211755,-0.562207412928911,-0.826996266525902,0.42944679245283
1.31,0.398237547169811,4.11931082783385,6.66933660504081,4.26001858840626,7.62192794819474,6.92211050077829,-0.558916145279915,-0.829224181114758,0.398237547169811
1.32,0.367028301886792,4.12297378493851,6.66339727194734,4.25601534147528,7.65642530914949,6.90992456482465,-0.555874989910671,-0.831265899452042,0.367028301886792
1.33,0.335771698113207,4.12632479988974,6.65763801125471,4.25216407200601,7.68806631400045,6.89913639103954,-0.553086289625592,-0.833123974104812,0.335771698113207
1.34,0.304515094339623,4.12936387268754,6.65206121739459,4.24846180401232,7.71673380860541,6.88971172725264,-0.550551814975735,-0.834800993666709,0.304515094339623
1.35,0.273305849056604,4.13209147597154,6.64666882662451,4.24490551868438,7.74232425619035,6.8816183394529,-0.5482727638655,-0.836299573360698,0.273305849056604
1.36,0.242096603773585,4.13450760974173,6.64146273575116,4.24149243810538,7.76473800914096,6.87482984106779,-0.546250553864423,-0.837621831379061,0.242096603773585
1.37,0.210887358490566,4.13661227399812,6.63644470344378,4.23821995543536,7.7838853306376,6.86932347736239,-0.54448643259859,-0.838769649377027,0.210887358490566
1.38,0.179678113207547,4.13840546874071,6.63161635358129,4.2350856372183,7.79968707589212,6.8650800239979,-0.542981480668427,-0.839744670510699,0.179678113207547
1.39,0.148468867924528,4.1398871939695,6.62697917833313,4.23208722547389,7.81207530476654,6.86208370182296,-0.541736614199261,-0.840548297741374,0.148468867924528
1.4,0.117259622641509,4.14105744968449,6.62253454096959,4.2292226395802,7.82099381693089,6.86032210704684,-0.540752587020946,-0.841181692400729,0.117259622641509
1.41,0.0860503773584905,4.14191623588567,6.61828367839795,4.22648997795258,7.82639860166793,6.85978615609853,-0.540029992473402,-0.841645773012125,0.0860503773584905
1.42,0.0548411320754718,4.14246355257305,6.61422770342122,4.22388751952364,7.82825819556562,6.86047004462052,-0.539569264835477,-0.841941214364104,0.0548411320754718
1.43,0.0236318867924529,4.14269939974663,6.61036760671658,4.22141372502875,7.82655394262966,6.86237122018363,-0.539370680375121,-0.842068446832963,0.0236318867924529
1.44,-0.00757735849056596,4.1426237774064,6.60670425853119,4.21906723810048,7.82128015277236,6.86549036844017,-0.53943435801938,-0.842027655952118,-0.00757735849056596
1.45,-0.0388339622641509,4.14223621291275,6.60323851555699,4.21684695373911,7.81243852249798,6.8698334141955,-0.539760657520131,-0.841818527114625,-0.0388339622641509
1.46,-0.0700432075471699,4.14153717890529,6.59997090662913,4.21475181483849,7.80005501799947,6.87540554069358,-0.540348985374142,-0.84144101041317,-0.0700432075471699
1.47,-0.101252452830189,4.14052667538403,6.5969019478876,4.21278101864289,7.78416277288458,6.88221720269688,-0.541198988453547,-0.840894556348688,-0.101252452830189
1.48,-0.132461698113208,4.13920470234897,6.59403203896682,4.21093394781439,7.76480747738654,6.89028217087681,-0.54231015515554,-0.84017837130884,-0.132461698113208
1.49,-0.163718301886792,4.13757078716048,6.59136135802458,4.20921010268148,7.74204124887958,6.89961977873545,-0.543682210849836,-0.839291161400758,-0.163718301886792
1.5,-0.194927547169811,4.13562540245819,6.58889017827798,4.20760930366223,7.71593958834044,6.91024843675241,-0.545313925217915,-0.838231902854711,-0.194927547169811
1.51,-0.22613679245283,4.13336854824209,6.58661855016211,4.20613149013559,7.68658337341088,6.92219224835079,-0.547204302068104,-0.836999075147733,-0.22613679245283
1.52,-0.144301320754717,4.13192841530043,6.58453141570036,4.20476698569302,7.66720829498176,6.93035469781408,-0.548409124145624,-0.836210160518173,-0.144301320754717
1.53,-0.062499,4.13130467278545,6.58262715707204,4.20351812164447,7.65764951457983,6.93468627987009,-0.548930597259792,-0.835867931788275,-0.062499
1.54,0.0193127924528301,4.1314974152251,6.58090453328515,4.20238684136892,7.65783629693361,6.93516199186806,-0.548769479840104,-0.835973718484033,0.0193127924528301
1.55,0.10112458490566,4.13250664261937,6.57936256987489,4.20137462957342,7.66778427066939,6.93178402859647,-0.547925512933952,-0.836527125845938,0.10112458490566
1.56,0.18293637735849,4.13433235496826,6.57800058382849,4.20048252831331,7.68759691905404,6.92458130212292,-0.546397342699151,-0.837526085499017,0.18293637735849
1.57,0.264748169811321,4.13697455227176,6.5768181856063,4.19971113831388,7.71746779000482,6.91360911594362,-0.54418252885397,-0.838966849935144,0.264748169811321
1.58,0.346559962264151,4.14043323452989,6.57581527935895,4.19906061909738,7.7576846509683,6.89894855772107,-0.541277559996366,-0.840843982582013,0.346559962264151
1.59,0.428374122641509,4.14470842537461,6.57499206660335,4.19853069130942,7.79812523097773,6.88070551790252,-0.53767785592366,-0.843150356252867,0.428374122641509
1.6,0.510183547169811,4.14980007754198,6.57434902174383,4.19812062093613,7.77222736959091,6.85901000325419,-0.533377876521087,-0.845877083764454,0.510183547169811
1.61,0.592000075471698,4.15570826192792,6.57388692905439,4.19782924288348,7.74297013930186,6.83401394035628,-0.528370998628792,-0.849013596951199,0.592000075471698
1.62,0.673811867924528,4.16243293126849,6.57360682273421,4.19765492287654,7.71054618132837,6.80589072081969,-0.522649759219636,-0.852547493801757,0.673811867924528
1.63,0.755623660377358,4.16997408556367,6.57351001494527,4.19759557537045,7.67516840262862,6.77483277547878,-0.516205766745428,-0.85646459727111,0.755623660377358
1.64,0.837435452830188,4.17833172481347,6.57359807433587,4.19764865026156,7.63706825467023,6.74104999947191,-0.50902979952638,-0.860748896713864,0.837435452830188
1.65,0.919228301886792,4.18750565996204,6.57387277006212,4.19781109985749,7.59649449828326,6.70476865002002,-0.501112035630456,-0.865382417054045,0.919228301886792
1.66,1.00106377358491,4.19749631638505,6.57433624021134,4.19807947886006,7.55370781564257,6.66622618390187,-0.492441432459085,-0.870345584005367,1.00106377358491
1.67,1.08285188679245,4.20830322144286,6.57499062934295,4.19844973215631,7.508985030227,6.62567546772324,-0.483007117805846,-0.875616425239322,1.08285188679245
1.68,1.16468735849057,4.2199268477751,6.5758384921356,4.19891742982845,7.46260963348335,6.58337559910709,-0.472796879990785,-0.881171442042341,1.16468735849057
1.69,1.24647547169811,4.23236672274214,6.57688233644408,4.19947750963664,7.41487733484789,6.53959741772193,-0.461798917843029,-0.886984644443751,1.24647547169811
1.7,1.32831094339623,4.24562331898362,6.57812503822473,4.20012450881651,7.36608708657803,6.49461475893393,-0.450000287871098,-0.893028409915345,1.32831094339623
1.71,1.41009905660377,4.25969616385991,6.57956937487152,4.20085231534497,7.31654638610138,6.44870972812859,-0.437388692994417,-0.899272556703826,1.41009905660377
1.72,1.49193452830189,4.27458573001063,6.58121844105175,4.20165438908318,7.26656317081539,6.40216474279703,-0.423950926057257,-0.905685161794756,1.49193452830189
1.73,1.57372264150943,4.29029154479615,6.58307517155913,4.2025235240224,7.21645093804034,6.35526763146875,-0.409674699977375,-0.912231681207383,1.57372264150943
1.74,1.65555811320755,4.30681408085611,6.58514275832075,4.20345205786275,7.16652163688766,6.30830458369235,-0.394547086763062,-0.918875724092644,1.65555811320755
1.75,1.73734622641509,4.32415286555087,6.5874241621347,4.20443164759934,7.11709064992864,6.26156511508536,-0.378556391160173,-0.92557822938517,1.73734622641509
1.76,1.81918169811321,4.34230837152006,6.58992253101783,4.20545346669378,7.06847077395649,6.21533601134454,-0.361690584638823,-0.93229819316763,1.81918169811321
1.77,1.81918169811321,4.36046387748925,6.59243903877661,4.20642976072631,7.02286436274547,6.17183681595462,-0.344705560074791,-0.938710859026103,1.81918169811321
1.78,1.81918169811321,4.37861938345845,6.59497285593651,4.20736020789737,6.98018029512557,6.13098355623987,-0.327606915958803,-0.944814113260361,1.81918169811321
1.79,1.81918169811321,4.39677488942764,6.59752314731759,4.20824450151918,6.94033441288088,6.09269859302299,-0.310400288232104,-0.950605944156372,1.81918169811321
1.8,1.81918169811321,4.41493039539684,6.60008907230977,4.20908235011675,6.90324910425312,6.05691023884471,-0.293091348428778,-0.956084442649393,1.81918169811321
1.81,1.81918169811321,4.43308590136603,6.60266978514994,4.20987347752401,6.86885292727295,6.02355241248625,-0.275685801806335,-0.961247802953223,1.81918169811321
1.82,1.81918169811321,4.45124140733522,6.60526443520072,4.21061762297481,6.83708026937465,5.99256432655167,-0.258189385465182,-0.966094323155411,1.81918169811321
1.83,1.81918169811321,4.46939691330442,6.60787216723083,4.21131454118887,6.80787104016286,5.96389020524396,-0.240607866457596,-0.970622405778232,1.81918169811321
1.84,1.81918169811321,4.48755241927361,6.610492121697,4.21196400245266,6.78117039456526,5.93747902980181,-0.22294703988683,-0.974830558305237,1.81918169811321
1.85,1.81918169811321,4.5057079252428,6.61312343502727,4.21256579269508,6.75692848392905,5.91328430935944,-0.205212726996968,-0.978717393673203,1.81918169811321
1.86,1.81918169811321,4.523863431212,6.61576523990567,4.21311971355803,6.73510023290728,5.89126387525467,-0.187410773254165,-0.982281630729332,1.81918169811321
1.87,1.81918169811321,4.54201893718119,6.61841666555806,4.21362558246181,6.7156451402389,5.87137969704517,-0.169547046419902,-0.985522094653533,1.81918169811321
1.88,1.81918169811321,4.56017444315039,6.62107683803916,4.21408323266528,6.69852710175744,5.85359771870317,-0.151627434616899,-0.98843771734566,1.81918169811321
1.89,1.81918169811321,4.57832994911958,6.62374488052064,4.21449251332082,6.68371425417171,5.83788771364868,-0.133657844388302,-0.99102753777757,1.81918169811321
1.9,1.81918169811321,4.59648545508877,6.62641991358008,4.21485328952407,6.67117883835052,5.8242231574529,-0.115644198750819,-0.993290702309893,1.81918169811321
1.91,1.81918169811321,4.61464096105797,6.62910105549091,4.21516544235837,6.66089708101569,5.81258111719951,-0.0975924352424035,-0.995226464973404,1.81918169811321
1.92,1.81918169811321,4.63279646702716,6.63178742251297,4.215428868934,6.65284909390538,5.80294215663522,-0.0795085039651708,-0.996834187714898,1.81918169811321
1.93,1.81918169811321,4.65095197299635,6.63447812918385,4.21564348242202,6.64701878961534,5.79529025637237,-0.0613983656241607,-0.998113340607509,1.81918169811321
1.94,1.81918169811321,4.66910747896555,6.63717228861072,4.21580921208299,6.64339381346166,5.78961274852987,-0.0432679895626116,-0.999063502025377,1.81918169811321
1.95,1.81918169811321,4.68726298493474,6.6398690127627,4.21592600329017,6.64196549083604,5.78590026531321,-0.0251233517943842,-0.999684358782619,1.81918169811321
1.96,1.81918169811321,4.70541849090394,6.64256741276353,4.21599381754765,6.64272878964531,5.78414670114398,-0.00697043303418823,-0.999975706236565,1.81918169811321
1.97,1.81918169811321,4.72357399687313,6.64526659918455,4.21601263250293,6.64568229754304,5.78434918805285,0.0111847832737413,-0.999937448355206,1.81918169811321
1.98,1.81918169811321,4.74172950284232,6.6479656823379,4.21598244195436,6.65082821377312,5.78650808415136,0.0293363129278669,-0.99956959774885,1.81918169811321
1.99,1.81918169811321,4.75988500881152,6.65066377256977,4.21590325585313,6.65817235555532,5.790626975096,0.0474781729418214,-0.998872275665966,1.81918169811321
2,1.81918169811321,4.77804051478071,6.65335998055362,4.21577510030005,6.6677241790518,5.79671268855554,0.0656043835164799,-0.997845711953217,1.81918169811321
2.01,1.81918169811321,4.79619602074991,6.65605341758332,4.2155980175369,6.67949681506307,5.80477532179048,0.0837089700109818,-0.996490244979699,1.81918169811321
2.02,1.75422005660377,4.81370320694356,6.658837514712,4.21536414279078,6.69315935110772,5.81445177103221,0.101140990954889,-0.994872102306956,1.75422005660377
2.03,1.68921105660377,4.83056160072204,6.66171113198672,4.21507200423537,6.70849795614073,5.82555695783144,0.117897770110157,-0.993025737734452,1.68921105660377
2.04,1.6242541509434,4.84677172198894,6.66467339465782,4.21472030724491,6.72530728945815,5.83791303568262,0.133978643240152,-0.990984219428104,1.6242541509434
2.05,1.55929250943396,4.86233352348029,6.66772336503712,4.21430795870764,6.7433884739135,5.85134788726298,0.149383298060692,-0.988779363791797,1.55929250943396
2.06,1.49428824528302,4.87724657982044,6.67086000226603,4.21383408027608,6.76254842610795,5.86569456117152,0.164111862795224,-0.986441734969624,1.49428824528302
2.07,1.42932660377358,4.89151131638505,6.67408259173862,4.21329794606498,6.78260121561915,5.88079213074603,0.17816602039354,-0.984000441654946,1.42932660377358
2.08,1.36436827735849,4.90512776625889,6.67739033383798,4.21269903653061,6.80336616483799,5.8964843437528,0.191547682631806,-0.981483308711047,1.36436827735849
2.09,1.2994089090566,4.91809591904388,6.68078250705501,4.21203701516658,6.82466814306388,5.91261974987391,0.204259245039202,-0.978916830387554,1.2994089090566
2.1,1.23440379245283,4.93041531817016,6.68425833292755,4.21131175481087,6.84633672939676,5.92905105908856,0.216303107370905,-0.976326259885337,1.23440379245283
2.11,1.1694421509434,4.94208639752089,6.68781737080236,4.2105232571711,6.86820858545808,5.94563691945385,0.227682898337101,-0.973735332523585,1.1694421509434
2.12,1.10448524528302,4.95310920436004,6.69145911674839,4.2096717287893,6.89012538293141,5.9622403874689,0.238402145613457,-0.971166523808816,1.10448524528302
2.13,1.03947624528302,4.96348321878403,6.6951830557047,4.20875757553592,6.91193353060931,5.97872864184551,0.248464032104876,-0.968641122785001,1.03947624528302
2.14,0.974514603773585,4.97320891343247,6.69898899390571,4.20778132258824,6.93348741133692,5.99497555826412,0.257872840467119,-0.966178864470456,0.974514603773585
2.15,0.909557698113208,4.98228633556932,6.70287669526018,4.20674369629767,6.95464694706349,6.01085982897315,0.266632509198156,-0.963798269887789,0.909557698113208
2.16,0.844548698113208,4.99071496529101,6.70684592140171,4.2056456192843,6.97527751373294,6.02626484819546,0.274746440786634,-0.961516715026357,0.844548698113208
2.17,0.77959179245283,4.99849532250112,6.71089674790033,4.20448812493672,6.99525374927986,6.04108179517389,0.282218993115222,-0.959350009081686,0.77959179245283
2.18,0.714630150943396,5.00562735993569,6.71502924964832,4.20327243674021,7.01445654370056,6.05520721898367,0.289053877648528,-0.957312830696606,0.714630150943396
2.19,0.649663773584906,5.01211103033074,6.71924359868759,4.20199994368203,7.03277459157024,6.06854430548704,0.295254659420681,-0.955418592079083,0.649663773584906
2.2,0.584687924528302,5.01794623915837,6.72353983671728,4.20067226981556,7.05010445781498,6.08100305431753,0.300824668138698,-0.953679463467282,0.584687924528302
2.21,0.519712075471698,5.02313298641857,6.7279185569891,4.19929106457512,7.06635201159029,6.09250110673654,0.305767093868501,-0.952106340860731,0.519712075471698
2.22,0.454736226415094,5.02767127211133,6.73238020806987,4.19785821403493,7.08143190062615,6.10296368672686,0.310084860831106,-0.950708882404784,0.454736226415094
2.23,0.389760377358491,5.03156109623667,6.73692509370487,4.19637584624001,7.09526792921891,6.11232391019033,0.313780595949795,-0.949495517422484,0.389760377358491
2.24,0.324784528301887,5.03480245879457,6.74155408524357,4.19484609944604,7.10779416371479,6.12052332327062,0.316856601423982,-0.948473454628037,0.324784528301887
2.25,0.259808679245283,5.03739535978504,6.74626790365504,4.19327135375938,7.11895450195591,6.12751192631924,0.319314831293882,-0.947648689396951,0.259808679245283
2.26,0.194832830188679,5.03933979920808,6.75106711722983,4.19165423542204,7.12870295645662,6.13324840429957,0.321156871963914,-0.947026009986185,0.194832830188679
2.27,0.215812641509434,5.04149361798562,6.7559157235845,4.19000996880863,7.13905374443444,6.13948320025764,0.323195847877326,-0.946332100224259,0.215812641509434
2.28,0.236745094339623,5.04385634347803,6.76081316645294,4.18833737078526,7.15001843972183,6.14622737550499,0.325430866659058,-0.945565836431041,0.236745094339623
2.29,0.257677547169811,5.04642797568532,6.76575899055408,4.18663519018443,7.16161115905353,6.15349413890588,0.327861435453818,-0.944725822205661,0.257677547169811
2.3,0.278657358490566,5.0492089872471,6.77075283953546,4.18490210482041,7.17384864232914,6.16129891741954,0.330487457657993,-0.943810383673943,0.278657358490566
2.31,0.299589811320755,5.05219890552375,6.77579409908794,4.18313684234639,7.18674637129293,6.16965621729883,0.333307892155761,-0.942818036010493,0.299589811320755
2.32,0.320522264150943,5.05539773051528,6.78088225279425,4.18133806281307,7.20032249101455,6.17858279380575,0.336322091626504,-0.941747020533632,0.320522264150943
2.33,0.341502075471698,5.05880593486131,6.78601687982881,4.17950435538812,7.21459791356328,6.18809774233577,0.339529798368162,-0.940595298744405,0.341502075471698
2.34,0.362434528301887,5.0624230459222,6.79119729902292,4.17763436232438,7.22959232148905,6.19821926143974,0.342929807492873,-0.939361031304206,0.362434528301887
2.35,0.383366981132075,5.06624906369797,6.79642292365942,4.17572665869296,7.24532821884515,6.20896793328426,0.34652130075723,-0.938042103597444,0.383366981132075
2.36,0.404299433962264,5.07028398818861,6.80169314143133,4.1737797922244,7.26182965192142,6.22036569184966,0.350303398757905,-0.936636284167264,0.404299433962264
2.37,0.425279245283019,5.07452829203375,6.80700743062388,4.17179223996148,7.27912369006868,6.23243703038682,0.354275600606705,-0.935141058244562,0.425279245283019
2.38,0.446211698113208,5.07898150259376,6.81236500587031,4.16976253741394,7.29723623665745,6.24520559947089,0.358436454049521,-0.933554127197992,0.446211698113208
2.39,0.467144150943396,5.08364361986865,6.81776517114797,4.16768915351791,7.31619629879554,6.25869767545434,0.362784881744804,-0.931872914928537,0.467144150943396
2.4,0.488123962264151,5.08851511649803,6.82320731687626,4.165570486731,7.33603615784492,6.27294231026443,0.36732017485115,-0.930094559250467,0.488123962264151
2.41,0.50905641509434,5.09359551984229,6.82869056728702,4.16340499884636,7.35678700553088,6.28796777917157,0.37204066968545,-0.928216429557246,0.50905641509434
2.42,0.529988867924528,5.09888482990141,6.83421413175157,4.16119108562849,7.37848341542395,6.30380522324637,0.37694506704905,-0.926235616043449,0.529988867924528
2.43,0.550921320754717,5.10438304667541,6.83977718559415,4.15892711988654,7.40116197825344,6.32048754505557,0.382031988007722,-0.924149100599502,0.550921320754717
2.44,0.571901132075472,5.11009064280391,6.84537898454027,4.15661140439603,7.42486299487384,6.33805079983918,0.38730040655302,-0.921953575340898,0.571901132075472
2.45,0.59283358490566,5.11600714564728,6.85101851475326,4.15424231293342,7.44962583632941,6.35653040561967,0.392748336972429,-0.919645988304952,0.59283358490566
2.46,0.613766037735849,5.12213255520552,6.85669484146495,4.15181815417616,7.47549374102852,6.3759650670865,0.398374142010638,-0.917223006131708,0.613766037735849
2.47,0.634745849056604,5.12846734411826,6.86240710541854,4.14933716728831,7.50251408103797,6.39639700931847,0.404176524018011,-0.914681003100381,0.634745849056604
2.48,0.655678301886792,5.13501103974588,6.86815417533005,4.14679766911108,7.53073348109726,6.4178679801904,0.41015322200414,-0.912016630593775,0.655678301886792
2.49,0.676610754716981,5.14176364208836,6.87393499410836,4.1441979122994,7.56020290834569,6.44042342734918,0.416302309864693,-0.909226257210669,0.676610754716981
2.5,0.69754320754717,5.14872515114572,6.87974846112048,4.14153613287291,7.59097619551176,6.46411129839252,0.4226217580577,-0.906306156669047,0.69754320754717
2.51,0.718523018867925,5.15589603955757,6.88559354428985,4.13881049837638,7.62311204508725,6.48898370212674,0.429109856770396,-0.903252307399483,0.718523018867925
2.52,0.718523018867925,5.16306692796943,6.89141893212467,4.13604301987791,7.65583906186315,6.51440746059286,0.435575890044806,-0.900152011613414,0.718523018867925
2.53,0.718523018867925,5.17023781638128,6.89722432507521,4.13323383968515,7.68916675880279,6.54039091893247,0.442019525388316,-0.897005428732451,0.718523018867925
2.54,0.718523018867925,5.17740870479314,6.90300942461992,4.13038310225016,7.72310492550127,6.56694267461662,0.448440431460045,-0.893812720558355,0.718523018867925
2.55,0.718523018867925,5.184579593205,6.90877393328078,4.1274909541619,7.75766363669538,6.59407158506188,0.454838278087883,-0.890574051264716,0.718523018867925
2.56,0.718523018867925,5.19175048161685,6.91451755463855,4.12455754413872,7.79285326112022,6.62178677555996,0.46121273628547,-0.887289587388508,0.718523018867925
2.57,0.718523018867925,5.19892137002871,6.92023999334808,4.12158302302075,7.82868447072817,6.58682756414804,0.467563478269112,-0.883959497821529,0.718523018867925
2.58,0.718523018867925,5.20609225844056,6.92594095515342,4.11856754376207,7.865168250287,6.48685959525105,0.473890177474637,-0.880583953801713,0.718523018867925
2.59,0.718523018867925,5.21326314685242,6.93162014690304,4.11551126142293,7.90231590737448,6.38989529888286,0.480192508574185,-0.877163128904328,0.718523018867925
2.6,0.718523018867925,5.22043403526427,6.93727727656483,4.11241433316169,7.94013908278813,6.29580815846384,0.486470147492941,-0.873697199033049,0.718523018867925
2.61,0.718523018867925,5.22760492367613,6.94291205324114,4.1092769182268,7.97864976138939,6.20447871307539,0.492722771425796,-0.870186342410913,0.718523018867925
2.62,0.718523018867925,5.23477581208798,6.94852418718375,4.1060991779486,8.01786028340304,6.11579407330922,0.498950058853946,-0.866630739571153,0.718523018867925
2.63,0.718523018867925,5.24194670049984,6.95411338980877,4.10288127573101,8.05778335619326,6.02964747645537,0.505151689561427,-0.863030573347918,0.718523018867925
2.64,0.718523018867925,5.2491175889117,6.95967937371146,4.09962337704312,8.09843206653949,5.94593787734981,0.511327344651581,-0.859386028866867,0.718523018867925
2.65,0.718523018867925,5.25628847732355,6.96522185268103,4.09632564941072,8.13981989343619,5.86456957159067,0.517476706563451,-0.855697293535654,0.718523018867925
2.66,0.718523018867925,5.26345936573541,6.97074054171532,4.09298826240765,8.18196072144204,5.78545184817483,0.523599459088115,-0.851964557034289,0.718523018867925
2.67,0.718523018867925,5.27063025414726,6.97623515703552,4.08961138764707,8.22486885460559,5.70849866890932,0.529695287384942,-0.848188011305385,0.718523018867925
2.68,0.718523018867925,5.27780114255912,6.98170541610069,4.0861951987727,8.26855903099607,5.63362837222072,0.535763877997783,-0.844367850544285,0.718523018867925
2.69,0.718523018867925,5.28497203097097,6.98715103762236,4.08273987144981,8.31304643786932,5.56076339922356,0.541804918871089,-0.840504271189083,0.718523018867925
2.7,0.718523018867925,5.29214291938283,6.99257174157892,4.07924558335624,8.35834672750105,5.48983004012072,0.54781809936596,-0.836597471910516,0.718523018867925
2.71,0.718523018867925,5.29931380779468,6.99796724923008,4.07571251417325,8.40447603372115,5.42075819919679,0.553803110276113,-0.832647653601752,0.718523018867925
2.72,0.718523018867925,5.30648469620654,7.00333728313117,4.07214084557628,8.45145098918487,5.35348117683365,0.559759643843787,-0.828655019368058,0.718523018867925
2.73,0.718523018867925,5.3136555846184,7.00868156714743,4.06853076122559,8.49928874341882,5.28793546712719,0.565687393775567,-0.824619774516356,0.718523018867925
2.74,0.718523018867925,5.32082647303025,7.01399982646818,4.06488244675685,8.54800698168219,5.224060569818,0.571586055258132,-0.820542126544669,0.718523018867925
2.75,0.718523018867925,5.32799736144211,7.01929178762097,4.06119608977157,8.5976239446855,5.16179881536912,0.577455324973931,-0.816422285131446,0.718523018867925
2.76,0.718523018867925,5.33516824985396,7.02455717848564,4.05747187982747,8.64815844921243,5.10109520213114,0.583294901116779,-0.812260462124784,0.718523018867925
2.77,0.806893962264151,5.34322108380869,7.02975991751174,4.05373572463185,8.70518616973091,5.03586791104165,0.589816916360278,-0.807536999260871,0.806893962264151
2.78,0.895359622641509,5.35215680858556,7.03489679898316,4.04998379798086,8.76912895085773,4.96659548092723,0.597009201253344,-0.80223438820512,0.895359622641509
2.79,0.983777924528302,5.36197495154492,7.03996468134609,4.04621236603277,8.840464018846,4.89377907706679,0.604856752223494,-0.796334294935015,0.983777924528302
2.8,1.07224358490566,5.37267598532641,7.04496018293971,4.04241802628266,8.91974601544985,4.81791938078415,0.613343558392904,-0.789816231396855,1.07224358490566
2.81,1.16061452830189,5.38425896465078,7.04987997465112,4.03859748875143,9.00760026452572,4.73952448798958,0.622450634620578,-0.782659062082871,1.16061452830189
2.82,1.24908018867925,5.39672483479728,7.05472067838032,4.03474766543215,9.10475608797513,4.65908330241175,0.632158545028605,-0.774839063255924,1.24908018867925
2.83,1.33749849056604,5.41007312312628,7.0594789519218,4.03086559053238,9.21203666378829,4.5770804344365,0.642444695958291,-0.766332051159978,1.33749849056604
2.84,1.42595941509434,5.42430425501345,7.06415120773174,4.02694866449658,9.14310127490204,4.49397825797277,0.653285045841014,-0.757112045129718,1.42595941509434
2.85,1.51435403773585,5.43941756876331,7.06873382317878,4.0229944886759,8.99267774001595,4.41022382335435,0.664652474393405,-0.747152653935408,1.51435403773585
2.86,1.60280075471698,5.45541358427945,7.07322325394545,4.01900077835183,8.84085226944031,4.32623377442459,0.676518398833827,-0.736425730158388,1.60280075471698
2.87,1.69124273584906,5.4722922542979,7.07761580834562,4.01496555287301,8.6884269142811,4.24240189241149,0.688851331337027,-0.724902644025531,1.69124273584906
2.88,1.77968471698113,5.49005357881867,7.08190771707532,4.01088709203858,8.53615421010864,4.15909436158078,0.70161723424221,-0.712554037680169,1.77968471698113
2.89,1.8680840754717,5.50869713246609,7.08609504528677,4.00676403402021,8.38473899652763,4.07665118554445,0.714779072844338,-0.699350324961523,1.8680840754717
2.9,1.95652605660377,5.52822334061583,7.09017399276107,4.00259509866721,8.23482714687874,3.99538043392399,0.728297606538833,-0.685260969492504,1.95652605660377
2.91,2.04496803773585,5.54863220326789,7.09414059558651,3.99837938017094,8.08701668385688,3.915564640456,0.742130362091296,-0.670255567423533,2.04496803773585
2.92,2.13341333396226,5.56992375350703,7.09799082629391,3.99411627032465,7.94185498470856,3.8374595745152,0.756231855308265,-0.65430373758448,2.13341333396226
2.93,2.22180937735849,5.59209749978806,7.10172053269948,3.98980554637058,7.79984432962518,3.7612973828229,0.770553128964593,-0.637375772557191,2.22180937735849
2.94,2.31025135849057,5.61515390057139,7.10532568457862,3.98544711107939,7.66143489845708,3.68728303323919,0.785042615206698,-0.61944175860966,2.31025135849057
2.95,2.3986980754717,5.63909300312101,7.10880211852186,3.98104129123199,7.52703716270906,3.61560112830315,0.799645143056757,-0.600472851331131,2.3986980754717
2.96,2.48714005660377,5.66391476017295,7.11214565913755,3.97658872354633,7.39702309463927,3.54641651929346,0.814302077929015,-0.580441319928629,2.48714005660377
2.97,2.57553467924528,5.68961869908757,7.11535203384597,3.97209049521896,7.2717313187151,3.47987721818197,0.828951076515594,-0.559321117734381,2.57553467924528
2.98,2.66398139622641,5.71620533976847,7.11841710871477,3.96754785051713,7.15146438177646,3.41611286745629,0.84352683974137,-0.537087023336011,2.66398139622641
2.99,2.75242337735849,5.74367463495169,7.12133669557592,3.96296246719687,7.03650101305606,3.3552412334303,0.857960159687542,-0.513716229438907,2.75242337735849
3,2.84082273584906,5.77202615926156,7.12410655235678,3.95833651491069,6.92709874151327,3.29736966169362,0.872178051812997,-0.489188558672098,2.84082273584906
3.01,2.92926471698113,5.80126033807375,7.12672262414136,3.95367230036187,6.8234938333701,3.24259475001771,0.886104369299602,-0.463485756747879,2.92926471698113
3.02,2.79396150943396,5.82914418547329,7.12903539031389,3.9492506926192,6.73291472038296,3.19463902738048,0.898682006035662,-0.438600788904578,2.79396150943396
3.03,2.65865830188679,5.85567770146018,7.13106703403495,3.9450879056362,6.65373542972974,3.15266689650712,0.910001931743434,-0.414604008932883,2.65865830188679
3.04,2.52335509433962,5.88086088603443,7.13283916121989,3.94119831671076,6.58455657003061,3.11595984242133,0.920153334374205,-0.391558222030941,2.52335509433962
3.05,2.38805188679245,5.90469373919603,7.13437267027439,3.93759460367296,6.52416570376359,3.08389596573177,0.929223087149645,-0.369519220485325,2.38805188679245
3.06,2.25274867924528,5.92717626094499,7.13568763724205,3.93428788078155,6.47150611920129,3.05593384891474,0.937295276785904,-0.348536316780384,2.25274867924528
3.07,2.11744547169811,5.9483084512813,7.13680321520583,3.93128783198896,6.42565207440076,3.03159976124885,0.944450788455894,-0.328652868822167,2.11744547169811
3.08,1.98209490566038,5.96808983756533,7.13773750561255,3.92860295869258,6.38578993662432,3.01047796879063,0.950766796522109,-0.309907241979092,1.98209490566038
3.09,1.84679169811321,5.98652089243672,7.13850760964444,3.92624035064667,6.35119970598945,2.99220098876522,0.956316905548649,-0.292331962265258,1.84679169811321
3.1,1.71148849056604,6.00360161589546,7.13912943254988,3.92420615721766,6.32124523982238,2.97644471227822,0.961170404290953,-0.275955528872256,1.71148849056604
3.11,1.57618528301887,6.01933200794156,7.13961767361675,3.9225055829782,6.29536309748682,2.96292256423673,0.965392197861948,-0.260802423890727,1.57618528301887
3.12,1.4408820754717,6.03371206857501,7.13998577971017,3.92114299307096,6.27305439756703,2.95138128125783,0.9690426101337,-0.246893539294299,1.4408820754717
3.13,1.30557886792453,6.04674179779581,7.14024590644749,3.92012201093745,6.25387828633374,2.94159752253181,0.972177217191542,-0.234246576012778,1.30557886792453
3.14,1.17027566037736,6.05842119560397,7.14040888607432,3.91944560796599,6.23744670947711,2.93337515529389,0.974846708156284,-0.22287641328067,1.17027566037736
3.15,1.03497245283019,6.06875026199948,7.14048420117478,3.919116184692,6.22342024080794,2.92654308844373,0.977096769945679,-0.212795446759843,1.03497245283019
3.16,0.899650301886792,6.0777288079265,7.14047995276253,3.91913569220473,6.21150496436819,2.92095367863353,0.978967954252257,-0.20401407928658,0.899650301886792
3.17,0.764342358490566,6.0853569751769,7.14040287315873,3.91950556109961,6.20144930288551,2.91648101761773,0.980495710264239,-0.19654048476949,0.764342358490566
3.18,0.62903441509434,6.0916347637507,7.14025828511082,3.92022687793621,6.19304250164606,2.91302021119286,0.981710220856362,-0.190381307554478,0.62903441509434
3.19,0.493724103773585,6.0965621500159,7.14005009894723,3.9213003997397,6.18611290293045,2.910486477055,0.982636381786813,-0.185541750527803,0.493724103773585
3.2,0.35841379245283,6.10013913397252,7.13978080760392,3.92272657724682,6.18052669909295,2.90881450514918,0.983293773918181,-0.182025696465473,0.35841379245283
3.21,0.223105849056604,6.10236573925252,7.1394514814275,3.92450558089932,6.17618704783317,2.90795801812638,0.983696635488424,-0.179835839945086,0.223105849056604
3.22,0.0877979056603773,6.10324196585592,7.13906176288495,3.9266373296053,6.17303348896927,2.90788950142445,0.9838538347876,-0.178973829857142,0.0877979056603773
3.23,-0.0475005660377358,6.10276790831063,7.13860987102245,3.92912146676764,6.17104144532544,2.90859996300469,0.983768880345318,-0.179440213063069,-0.0475005660377358
3.24,-0.182803773584906,6.1009435193527,7.13809259109135,3.93195741914392,6.17022223482103,2.91009901350361,0.983439874598307,-0.181234690526031,-0.182803773584906
3.25,-0.318106981132075,6.09776879898212,7.13750528551643,3.93514433506644,6.17062291769695,2.91241481460255,0.9828595501339,-0.184355918566742,-0.318106981132075
3.26,-0.453457547169811,6.09324327455927,7.13684187273999,3.93868119782665,6.1723269850512,2.91559456747581,0.982015181122662,-0.188801970446885,-0.453457547169811
3.27,-0.453457547169811,6.08871775013641,7.13616246065285,3.94221502208832,6.17416363992932,2.91885593010885,0.981150700110214,-0.19324415559917,-0.453457547169811
3.28,-0.453457547169811,6.08419222571356,7.13546706316958,3.94574573547753,6.17613330844103,2.92219925217828,0.980266124801421,-0.19768238304615,-0.453457547169811
3.29,-0.453457547169811,6.07966670129071,7.13475569453217,3.94927326568409,6.17823643179406,2.92562489289697,0.979361473312681,-0.202116561891436,-0.453457547169811
3.3,-0.453457547169811,6.07514117686785,7.13402836930968,3.952797540463,6.18047346642493,2.92913322111002,0.978436764171561,-0.206546601321553,-0.453457547169811
3.31,-0.453457547169811,6.070615652445,7.13328510239799,3.95631848763591,6.18284488413431,2.93272461539374,0.977492016316416,-0.210972410607803,-0.453457547169811
3.32,-0.453457547169811,6.06609012802215,7.13252590901943,3.95983603509266,6.18535117222679,2.93639946415738,0.976527249095999,-0.215393899108124,-0.453457547169811
3.33,-0.453457547169811,6.0615646035993,7.13175080472256,3.96335011079268,6.18799283365533,2.94015816574797,0.975542482269067,-0.219810976268944,-0.453457547169811
3.34,-0.453457547169811,6.05703907917644,7.13095980538176,3.96686064276652,6.19077038717037,2.94400112855817,0.974537736003977,-0.224223551627037,-0.453457547169811
3.35,-0.453457547169811,6.05251355475359,7.13015292719698,3.97036755911731,6.19368436747371,2.9479287711372,0.97351303087827,-0.228631534811375,-0.453457547169811
3.36,-0.453457547169811,6.04798803033074,7.12933018669334,3.97387078802221,6.19673532537722,2.95194152230485,0.972468387878251,-0.233034835544981,-0.453457547169811
3.37,-0.453457547169811,6.04346250590789,7.12849160072085,3.97737025773393,6.19992382796646,2.95603982126885,0.97140382839856,-0.237433363646773,-0.453457547169811
3.38,-0.453457547169811,6.03893698148503,7.12763718645403,3.98086589658215,6.20325045876938,2.96022411774537,0.970319374241734,-0.241827029033419,-0.453457547169811
3.39,-0.453457547169811,6.03441145706218,7.12676696139157,3.984357632975,6.20671581793009,2.9644948720829,0.969215047617758,-0.246215741721171,-0.453457547169811
3.4,-0.453457547169811,6.02988593263933,7.12588094335598,3.98784539540055,6.21032052238778,2.96885255538955,0.968090871143614,-0.250599411827719,-0.453457547169811
3.41,-0.453457547169811,6.02536040821647,7.1249791504932,3.99132911242826,6.21406520606105,2.97329764966379,0.966946867842813,-0.254977949574024,-0.453457547169811
3.42,-0.453457547169811,6.02083488379362,7.12406160127226,3.99480871271042,6.21795052003756,2.97783064792868,0.965783061144928,-0.25935126528616,-0.453457547169811
3.43,-0.453457547169811,6.01630935937077,7.12312831448487,3.99828412498366,6.2219771327692,2.9824520543698,0.964599474885112,-0.263719269397151,-0.453457547169811
3.44,-0.453457547169811,6.01178383494792,7.12217930924505,4.00175527807036,6.22614573027286,2.98716238447681,0.963396133303608,-0.268081872448803,-0.453457547169811
3.45,-0.453457547169811,6.00725831052506,7.12121460498876,4.00522210088014,6.23045701633699,2.99196216518873,0.962173061045258,-0.272438985093539,-0.453457547169811
3.46,-0.453457547169811,6.00273278610221,7.12023422147346,4.00868452241129,6.2349117127339,2.9968519350431,0.960930283158993,-0.276790518096226,-0.453457547169811
3.47,-0.453457547169811,5.99820726167936,7.11923817877773,4.01214247175227,6.23951055943809,3.00183224432904,0.959667825097322,-0.281136382336004,-0.453457547169811
3.48,-0.453457547169811,5.9936817372565,7.11822649730088,4.01559587808311,6.24425431485062,3.00690365524434,0.958385712715811,-0.285476488808112,-0.453457547169811
3.49,-0.453457547169811,5.98915621283365,7.11719919776246,4.01904467067689,6.2491437560297,3.01206674205657,0.957083972272551,-0.28981074862571,-0.453457547169811
3.5,-0.453457547169811,5.9846306884108,7.11615630120192,4.02248877890116,6.25417967892759,3.0173220912684,0.955762630427627,-0.294139073021698,-0.453457547169811
3.51,-0.453457547169811,5.98010516398795,7.11509782897815,4.02592813221944,6.259362898634,3.02267030178723,0.954421714242562,-0.298461373350539,-0.453457547169811
3.52,-0.533460245283019,5.9747812094442,7.11404740211276,4.02928719405815,6.26636491117572,3.02885646697326,0.952819200696947,-0.303538417310282,-0.533460245283019
3.53,-0.613462943396226,5.96865882477957,7.11300310751187,4.03256527646935,6.27528135226904,3.03593061387869,0.950942975867197,-0.309366217691654,-0.613462943396226
3.54,-0.69347037735849,5.96173796273008,7.1119632283915,4.03576170092917,6.28622411810566,3.04395054276918,0.94877913784406,-0.31594010127219,-0.69347037735849
3.55,-0.773473075471698,5.95401867055971,7.11092623372608,4.03887583205921,6.2993217737152,3.05298208341891,0.946312060579983,-0.323254518917936,-0.773473075471698
3.56,-0.853475773584906,5.94550094826844,7.10989079104518,4.04190704071873,6.31472077008593,3.06309968211794,0.943524373635951,-0.331303118540839,-0.853475773584906
3.57,-0.933478471698113,5.93618479585628,7.10885576338509,4.04485471543122,6.33258640911727,3.0743869082467,0.940397003662663,-0.340078631352054,-0.933478471698113
3.58,-1.01353326415094,5.92606969341965,7.10782017173596,4.04771836869867,6.35310524135512,3.08693774321104,0.936909024039984,-0.349573283693769,-1.01353326415094
3.59,-1.09353454150943,5.91515617504131,7.10678330686212,4.05049732264715,6.37648328001694,3.10085546132875,0.933038230649456,-0.359777236837646,-1.09353454150943
3.6,-1.17353818679245,5.90344421708929,7.1057446246635,4.05319101780509,6.4029511261545,3.11625541872536,0.928760639434469,-0.370680016506522,-1.17353818679245
3.61,-1.25354135849057,5.89093382428998,7.10470377611576,4.0557989252177,6.43276488049876,3.13326545204821,0.924050728606985,-0.382269866666077,-1.25354135849057
3.62,-1.33354405660377,5.87762500136979,7.10366061000562,4.05832054276642,6.46620872685534,3.1520271624071,0.918881481904026,-0.394533676907133,-1.33354405660377
3.63,-1.41355149056604,5.86351770106474,7.10261517823196,4.06075538661789,6.50359806211284,3.17269746216352,0.913224426949383,-0.407456925358953,-1.41355149056604
3.64,-1.49360154716981,5.84861149799917,7.10156766914065,4.06310314617258,6.54528386092163,3.19545089366289,0.907049561176931,-0.421023863419566,-1.49360154716981
3.65,-1.57360424528302,5.83290686481271,7.10051857189915,4.06536331067917,6.59165345494812,3.22047966432232,0.900325954615515,-0.435216239868943,-1.57360424528302
3.66,-1.65360694339623,5.81640380150536,7.09946852298427,4.06753553268075,6.64313897216931,3.24799816351435,0.89302127987577,-0.450014437200676,-1.65360694339623
3.67,-1.73360964150943,5.79910230807713,7.09841835301315,4.06961951944688,6.70022197857292,3.27824516277104,0.885102090575249,-0.465396915824894,-1.73360964150943
3.68,-1.81359339622641,5.78100257358385,7.09736906155591,4.07161508501866,6.76343966194917,3.31148693862016,0.876534013947695,-0.481339923954727,-1.81359339622641
3.69,-1.89362924528302,5.76210407812194,7.09632192648708,4.07352194846244,6.83339667820256,3.34802287793254,0.867281431274445,-0.497818158534369,-1.89362924528302
3.7,-1.97361773584906,5.74240729433103,7.09527828748273,4.07534013993239,6.91076832998992,3.38818755716204,0.857308417409537,-0.514803144355932,-1.97361773584906
3.71,-2.05365358490566,5.7219117495715,7.09423966237725,4.07706977592086,6.99632016036412,3.43236014306706,0.846577927870426,-0.532264795043421,-2.05365358490566
3.72,-2.13368943396226,5.70061744384333,7.09320794090919,4.07871074979458,7.09091732013049,3.48096863484751,0.835052643103791,-0.550170049389616,-2.13368943396226
3.73,-2.2136779245283,5.67852484978616,7.09218499386818,4.08026338725876,7.19554074771879,3.53449870023199,0.822695169173767,-0.568482768972066,-2.2136779245283
3.74,-2.29366641509434,5.65563396739999,7.09117292603703,4.08172802851265,7.31131331517714,3.59350604701398,0.809467699763591,-0.58716440886641,-2.29366641509434
3.75,-2.37370226415094,5.63194432404519,7.09017407792461,4.08310504536137,7.43952684809355,3.65862977736108,0.795332159619115,-0.606173866044714,-2.37370226415094
3.76,-2.45369075471698,5.60745639236139,7.08919079948522,4.08439515865808,7.58166663003483,3.7306049970936,0.780251246857413,-0.625466219533439,-2.45369075471698
3.77,-2.40964735849057,5.58340801553015,7.0882490823766,4.08556992385761,7.73142626391136,3.80628179362376,0.764985640974121,-0.644047334520851,-2.40964735849057
3.78,-2.36560396226415,5.55979919355146,7.08735440903539,4.08663259770579,7.88902688091783,3.8857621721241,0.749568671973675,-0.661926586560489,-2.36560396226415
3.79,-2.32156056603774,5.53662992642534,7.08651200142683,4.08758654390652,8.05470245650217,3.96915390193338,0.73403250933505,-0.679114331493077,-2.32156056603774
3.8,-2.27746981132075,5.5139006867914,7.08572690933841,4.08843512431338,8.22869576865089,4.05656829521555,0.718408486823402,-0.695621481885163,-2.27746981132075
3.81,-2.23342641509434,5.49161100201002,7.08500376151745,4.08918196084063,8.41126831327856,4.1481255778196,0.702726131067319,-0.711460458996252,-2.23342641509434
3.82,-2.18938301886792,5.4697608720812,7.0843470203202,4.08983063947739,8.6026897895898,4.24394913042908,0.687014120592209,-0.726644065624233,-2.18938301886792
3.83,-2.14533962264151,5.44835029700493,7.08376090428555,4.09038478972943,8.80324055886014,4.3441668151439,0.671299979906008,-0.741185764149713,-2.14533962264151
3.84,-2.10129622641509,5.42737927678123,7.08324939364499,4.09084807046057,9.01321078459534,4.44891049251174,0.655610089540885,-0.755099603027437,-2.10129622641509
3.85,-2.05720547169811,5.40684828404971,7.08281633083479,4.0912240742972,9.21761813222424,4.55831271153344,0.639970062120607,-0.768399843564108,-2.05720547169811
3.86,-2.0131620754717,5.38675684617075,7.08246514488253,4.09151656328918,9.06727524767821,4.67251386724786,0.624403680333197,-0.78110181409747,-2.0131620754717
3.87,-1.96911867924528,5.36710496314435,7.0821991380093,4.09172920608125,8.92840704021409,4.79165387434243,0.608933979479292,-0.79322090784063,-1.96911867924528
3.88,-1.92507528301887,5.34789263497051,7.08202139992385,4.09186565074453,8.80002538266684,4.91587361384921,0.593582917155456,-0.804772837800344,-1.92507528301887
3.89,-1.88098452830189,5.32912033428886,7.08193491575778,4.0919294395818,8.68125358167493,5.0453102683196,0.578371780733738,-0.815773303835622,-1.88098452830189
3.9,-1.83694113207547,5.31078758845976,7.08194227237213,4.09192422384586,8.57130230171416,5.18010614786862,0.5633200641706,-0.826238770152328,-1.83694113207547
3.91,-1.79289773584906,5.29289439748322,7.08204596533778,4.0918535271778,8.46946692647314,5.32039742566197,0.548446629304044,-0.836185562423218,-1.79289773584906
3.92,-1.74885433962264,5.27544076135924,7.08224830722259,4.09172081294585,8.37511374304021,5.46631546468827,0.533769357371657,-0.845630104201032,-1.74885433962264
3.93,-1.70476358490566,5.25842715272745,7.08255154114777,4.09152940895422,8.28767356926103,5.61798018076563,0.519305580471918,-0.854588622724831,-1.70476358490566
3.94,-1.66072018867925,5.24185309894822,7.08295753172469,4.09128270174726,8.20662644836094,5.77551078791698,0.505070906347901,-0.863077852549183,-1.66072018867925
3.95,-1.61667679245283,5.22571860002154,7.08346808835697,4.0909839253388,8.13150314625438,5.939010512299,0.491080442710655,-0.87111422832319,-1.61667679245283
3.96,-1.57263339622641,5.21002365594743,7.08408486809346,4.0906362229868,8.0618768324763,6.10856753031169,0.477348431925702,-0.878714102844647,-1.57263339622641
3.97,-1.52854264150943,5.19476873936549,7.08480949327656,4.0902425810801,7.99736038353707,6.28424556604548,0.463888700097042,-0.885893489039329,-1.52854264150943
3.98,-1.48449924528302,5.17995337763612,7.0856432295654,4.08980600394297,7.93759575011342,6.46609691293598,0.4507134380563,-0.892668693724312,-1.48449924528302
3.99,-1.4404558490566,5.16557757075931,7.08658732203391,4.08932932635214,7.88225702561047,6.57431050042561,0.437834475040389,-0.899055600319639,-1.4404558490566
4,-1.39641245283019,5.15164131873506,7.08764289316492,4.08881526978896,7.83104502379677,6.53119160544951,0.425262897958354,-0.905069868916241,-1.39641245283019
4.01,-1.35234064150943,5.13814490514714,7.08881101797819,4.08826640592736,7.78368562562941,6.49122619886934,0.413009340610999,-0.910726789200838,-1.35234064150943
4.02,-1.35234064150943,5.12464849155922,7.08998644387303,4.08773335707064,7.73831973945573,6.4529050979276,0.400680553440948,-0.916217820223038,-1.35234064150943
4.03,-1.35234064150943,5.1111520779713,7.09116895674515,4.08721622031387,7.69489535015524,6.41618507333717,0.388278782141896,-0.921541961789264,-1.35234064150943
4.04,-1.35234064150943,5.09765566438338,7.09235834119932,4.08671508985371,7.65336331035102,6.38102526659885,0.37580628570163,-0.926698244104922,-1.35234064150943
4.05,-1.35234064150943,5.08415925079546,7.09355438058868,4.0862300569713,7.61367719583807,6.34738707013813,0.36326533599055,-0.931685727951047,-1.35234064150943
4.06,-1.35234064150943,5.07066283720755,7.09475685705416,4.08576121001556,7.57579317137707,6.31523401601971,0.350658217347848,-0.93650350485539,-1.35234064150943
4.07,-1.35234064150943,5.05716642361963,7.09596555156416,4.08530863438717,7.53966986608922,6.28453167260643,0.337987226165412,-0.941150697257889,-1.35234064150943
4.08,-1.35234064150943,5.04367001003171,7.09718024395449,4.08487241252297,7.50526825775644,6.25524754858621,0.325254670469543,-0.94562645867052,-1.35234064150943
4.09,-1.35234064150943,5.03017359644379,7.09840071296842,4.08445262388095,7.47255156539323,6.22735100384194,0.312462869500542,-0.949929973831486,-1.35234064150943
4.1,-1.35234064150943,5.01667718285587,7.09962673629701,4.08404934492579,7.44148514951251,6.20081316668559,0.299614153290261,-0.954060458853714,-1.35234064150943
4.11,-1.35234064150943,5.00318076926795,7.1008580906196,4.08366264911491,7.41203641955908,6.17560685702023,0.286710862237687,-0.958017161367646,-1.35234064150943
4.12,-1.35234064150943,4.98968435568004,7.1020945516445,4.08329260688512,7.38417474803027,6.15170651503174,0.273755346682636,-0.961799360658277,-1.35234064150943
4.13,-1.35234064150943,4.97618794209212,7.10333589414982,4.08293928563976,7.35787139084586,6.12908813504729,0.260749966477642,-0.965406367796437,-1.35234064150943
4.14,-1.35234064150943,4.9626915285042,7.1045818920245,4.08260274973644,7.33309941356778,6.10772920422911,0.247697090558102,-0.96883752576428,-1.35234064150943
4.15,-1.35234064150943,4.94919511491628,7.10583231830951,4.08228306047532,7.30983362310504,6.08760864580137,0.234599096510779,-0.972092209574959,-1.35234064150943
4.16,-1.35234064150943,4.93569870132836,7.10708694523919,4.08198027608793,7.28805050457189,6.06870676653474,0.221458370140722,-0.975169826386468,-1.35234064150943
4.17,-1.35234064150943,4.92220228774044,7.10834554428272,4.08169445172658,7.26772816299632,6.05100520823716,0.208277305036689,-0.978069815609629,-1.35234064150943
4.18,-1.35234064150943,4.90870587415252,7.10960788618577,4.08142563945428,7.2488462696034,6.03448690302232,0.195058302135157,-0.980791649010201,-1.35234064150943
4.19,-1.35234064150943,4.89520946056461,7.11087374101223,4.0811738882353,7.23138601242287,6.01913603214754,0.181803769282985,-0.983334830805102,-1.35234064150943
4.2,-1.35234064150943,4.88171304697669,7.11214287818612,4.08093924392624,7.21533005099329,6.00493798823208,0.168516120798832,-0.985698897752713,-1.35234064150943
4.21,-1.35234064150943,4.86821663338877,7.11341506653357,4.08072174926765,7.20066247495663,5.99187934068435,0.15519777703338,-0.987883419237259,-1.35234064150943
4.22,-1.35234064150943,4.85472021980085,7.11469007432497,4.08052144387628,7.1873687663567,5.97994780418296,0.14185116392847,-0.989887997347245,-1.35234064150943
4.23,-1.35234064150943,4.84122380621293,7.11596766931709,4.08033836423782,7.17543576547357,5.96913221007172,0.128478712575214,-0.991712266947937,-1.35234064150943
4.24,-1.35234064150943,4.82772739262501,7.1172476187955,4.08017254370033,7.16485164004299,5.95942248054288,0.115082858771174,-0.99335589574787,-1.35234064150943
4.25,-1.35234064150943,4.81423097903709,7.11852968961685,4.08002401246807,7.1556058577262,5.95080960549621,0.101666042576675,-0.994818584359378,-1.35234064150943
4.26,-1.35234064150943,4.80073456544918,7.11981364825143,4.07989279759607,7.1476891617106,5.94328562197407,0.0882307078703525,-0.996100066353123,-1.35234064150943
4.27,-1.37997432075472,4.78696236663925,7.12117193412924,4.07977248586381,7.14101901533447,5.93672749999714,0.074504286010463,-0.997220693410476,-1.37997432075472
4.28,-1.40760326415094,4.77291442987128,7.12260451565069,4.07966545492862,7.13567068448371,5.93119519169916,0.0604885021385816,-0.99816889408007,-1.40760326415094
4.29,-1.43523220754717,4.75859075514526,7.12411129607558,4.07957414483922,7.13172164291562,5.92675036250295,0.0461853394326768,-0.99893288784657,-1.43523220754717
4.3,-1.46281852830189,4.74399176783685,7.12569198464741,4.07950106221363,7.12925180919584,5.92345667683868,0.0315975272403397,-0.999500673472658,-1.46281852830189
4.31,-1.49044747169811,4.7291170425704,7.12734650559348,4.07944875732575,7.12834383766591,5.92137970746633,0.0167272820330862,-0.999860089230381,-1.49044747169811
4.32,-1.51807641509434,4.71396657934591,7.12907458164747,4.07941984726539,7.12908345314296,5.9205875203669,0.00157759830682733,-0.999998755591017,-1.51807641509434
4.33,-1.54571009433962,4.69854033089941,7.13087585510455,4.0794170055759,7.13155970759438,5.9211507795748,-0.0138482068287738,-0.99990410898627,-1.54571009433962
4.34,-1.57333903773585,4.68283834449486,7.13274992143908,4.07944296052296,7.13586535654168,5.92314301423165,-0.0295463352776609,-0.999563411731172,-1.57333903773585
4.35,-1.60092062264151,4.66686109277189,7.13469616252958,4.07950048993141,7.14209691240118,5.92664078574324,-0.0455121609620954,-0.998963784731239,-1.60092062264151
4.36,-1.62855430188679,4.65060805582691,7.13671411832595,4.07959242672674,7.15035581291874,5.93172432081846,-0.0617416303012101,-0.998092165627879,-1.62855430188679
4.37,-1.65618324528302,4.63407928092389,7.13880314455295,4.07972165315436,7.16074824501747,5.93847763046065,-0.0782296861471154,-0.996935362099933,-1.65618324528302
4.38,-1.68381218867925,4.61727476806282,7.14096249629932,4.0798910978504,7.17338582430407,5.94698898069052,-0.0949708653418958,-0.995480052404975,-1.68381218867925
4.39,-1.71144586792453,4.60019446997974,7.1431913239286,4.08010373263714,7.18838618043637,5.95735135574165,-0.111959281746207,-0.99371279514298,-1.71144586792453
4.4,-1.73907481132075,4.58283843393861,7.14548870634123,4.08036257330627,7.20587350776895,5.9696628546561,-0.129188468524037,-0.991620058086974,-1.73907481132075
4.41,-1.76665639622642,4.56520713257907,7.14785348518957,4.08067065718912,7.22597866826246,5.98402690404853,-0.146651035361904,-0.9891882903812,-1.76665639622642
4.42,-1.7942900754717,4.54730004599751,7.15028463388361,4.08103108449762,7.24884174363694,6.00055398503476,-0.164340056852735,-0.986403743765016,-1.7942900754717
4.43,-1.82191901886792,4.52911722145791,7.15278091717492,4.08144697843619,7.27461111001466,6.01936114980075,-0.182247508865717,-0.98325268650141,-1.82191901886792
4.44,-1.84954796226415,4.51065865896027,7.1553409744151,4.0819214892725,7.30344498603376,6.04057318591446,-0.200364862736709,-0.979721349048034,-1.84954796226415
4.45,-1.87718164150943,4.49192431124061,7.15796331559551,4.08245778975342,7.33551250475254,6.0643234628052,-0.218683068937251,-0.975795939405461,-1.87718164150943
4.46,-1.90481058490566,4.47291422556291,7.16064635412855,4.08305907848275,7.37099469243592,6.09075465691929,-0.237192403073883,-0.9714626930171,-1.90481058490566
4.47,-1.93239216981132,4.45362887456679,7.16338824431817,4.08372853859451,7.41008487980043,6.12001921517077,-0.255882133277866,-0.966707987899742,-1.93239216981132
4.48,-1.9600258490566,4.43406773834866,7.16618724358346,4.08446941785899,7.45299319270916,6.15228261017548,-0.274741880434481,-0.961518018102274,-1.9600258490566
4.49,-1.98765479245283,4.41423086417248,7.16904137816323,4.08528495151171,7.49994508902681,6.18772242213897,-0.293760087583747,-0.95587918218925,-1.98765479245283
4.5,-2.01528373584906,4.39411825203826,7.17194852547806,4.0861783738874,7.55118433500418,6.22653063731153,-0.312924605196443,-0.949777969560597,-2.01528373584906
4.51,-2.04291741509434,4.37372985468203,7.1749064107147,4.08715291225274,7.6069751266829,6.26891532093064,-0.332222677224417,-0.943200982154833,-2.04291741509434
4.52,-2.01478647169811,4.35362220526389,7.17791398575558,4.08821226720565,7.66600429970293,6.31378284393887,-0.351119794443349,-0.936330545240334,-2.01478647169811
4.53,-1.98666026415094,4.33379525651987,7.18096930268966,4.08935799748147,7.72824219447155,6.36110126569825,-0.369614144160406,-0.929185333739492,-1.98666026415094
4.54,-1.95852932075472,4.31424905571393,7.18407043398129,4.0905915748386,7.79366142248133,6.4108403301585,-0.387704426794699,-0.921783747656572,-1.95852932075472
4.55,-1.93040311320755,4.29498355558212,7.18721543018623,4.09191436768888,7.86223697756024,6.46297161621956,-0.405390005315715,-0.914143830909625,-1.93040311320755
4.56,-1.90227690566038,4.27599875612443,7.19040235928144,4.09332765645064,7.93394545694185,6.5174678500788,-0.422670746459416,-0.906283311160169,-1.90227690566038
4.57,-1.87414596226415,4.25729470460483,7.19362931053156,4.09483263604905,8.00876462984417,6.57430254968558,-0.439546996111726,-0.898219593534431,-1.87414596226415
4.58,-1.84601975471698,4.23887135375935,7.19689436443668,4.0964304019478,8.08667355774766,6.63345017272995,-0.456019681324235,-0.889969690632744,-1.84601975471698
4.59,-1.81789354716981,4.22072870358799,7.20019563070828,4.09812196786177,8.16765174486095,6.69488537249765,-0.472090155625798,-0.881550273643659,-1.81789354716981
4.6,-1.78976260377358,4.20286680135472,7.20353125163107,4.09990826848197,8.25167871376814,6.75858265197683,-0.487760175542966,-0.872977669333125,-1.78976260377358
4.61,-1.76163639622641,4.18528559979558,7.20689937246311,4.1017901438907,8.15413361860789,6.82451660027323,-0.503032000178454,-0.864267786508594,-1.76163639622641
4.62,-1.73350545283019,4.16798514617452,7.21029818881205,4.1037683657022,7.92373698579874,6.89266086821019,-0.517908200771574,-0.855436201930659,-1.73350545283019
4.63,-1.70537924528302,4.15096539322758,7.21372590630607,4.10584361455895,7.71207146450853,6.96298862785054,-0.532391800757334,-0.846498062895813,-1.70537924528302
4.64,-1.67725303773585,4.13422634095477,7.21718077617042,4.10801650126606,7.51714688130179,7.03547169338221,-0.546486129130239,-0.8374681550174,-1.67725303773585
4.65,-1.64912351509434,4.11776802244085,7.22066109463982,4.11028756764284,7.33724676838893,7.11008023518287,-0.560194811131499,-0.828360895734066,-1.64912351509434
4.66,-1.62099541320755,4.10159042350665,7.22416518784316,4.11265727731931,7.1708820563653,7.18678285078206,-0.573521812936342,-0.819190289301705,-1.62099541320755
4.67,-1.59286731132075,4.08569354415215,7.2276914281093,4.11512602693304,7.01675521472199,7.2655459692694,-0.586471367605787,-0.809969959306268,-1.59286731132075
4.68,-1.56473920943396,4.07007738437736,7.23123823328658,4.11769414647754,6.87373029127622,7.34633359745308,-0.5990479655135,-0.800713141527062,-1.56473920943396
4.69,-1.53661252830189,4.05474193000309,7.23480406606098,4.12036189945683,6.74080839602844,7.42910708135228,-0.6112563445483,-0.791432676384701,-1.53661252830189
4.7,-1.50848158490566,4.0396872235669,7.238387451113,4.12312949664275,6.61710823788128,7.51382435805392,-0.623101413550842,-0.782141054050318,-1.50848158490566
4.71,-1.48035537735849,4.02491321780484,7.24198694639977,4.12599707479843,6.50184814427864,7.60044049765392,-0.634588348303573,-0.772850327163898,-1.48035537735849
4.72,-1.45222916981132,4.0104199127169,7.24560117378159,4.12896472131938,6.39433341004456,7.6889065638815,-0.645722463397574,-0.763572197152155,-1.45222916981132
4.73,-1.42409822641509,3.99620735556705,7.24922882047431,4.13203247701752,6.29394455409682,7.77916921510703,-0.656509195704294,-0.754318020436806,-1.42409822641509
4.74,-1.39597201886792,3.98227549909133,7.25286861205924,4.13520031416475,6.20012641192692,7.87117133060019,-0.666954194064502,-0.745098720318168,-1.39597201886792
4.75,-1.3678410754717,3.96862439055368,7.25651935199577,4.13846817149118,6.11238127654983,7.96485037154827,-0.677063158243812,-0.735924914477635,-1.3678410754717
4.76,-1.33971486792453,3.95525398269017,7.26017988555951,4.14183592323699,6.03026044149913,8.06013939194638,-0.686841963695904,-0.726806794757971,-1.33971486792453
4.77,-1.33971486792453,3.94188357482665,7.2637950650625,4.14525231533301,5.95156396740118,8.15925902451086,-0.696497985745936,-0.717558747317496,-1.33971486792453
4.78,-1.33971486792453,3.92851316696313,7.26736424423667,4.14871673704743,5.8761237985469,8.26239546932236,-0.706029498233744,-0.708182425384737,-1.33971486792453
4.79,-1.33971486792453,3.91514275909961,7.27088678503719,4.15222856906239,5.80378335661252,8.36974805771598,-0.715434797257132,-0.698679505119226,-1.33971486792453
4.8,-1.33971486792453,3.90177235123609,7.27436205775655,4.15578718358475,5.73439659925426,8.48153040039388,-0.724712201476471,-0.689051685311868,-1.33971486792453
4.81,-1.33971486792453,3.88840194337257,7.27778944113712,4.15939194445826,5.66782717054693,8.59797165911471,-0.733860052415269,-0.67930068708125,-1.33971486792453
4.82,-1.33971486792453,3.87503153550906,7.28116832248223,4.16304220727733,5.60394763300814,8.71931795771968,-0.74287671475664,-0.669428253565967,-1.33971486792453
4.83,-1.33971486792453,3.86166112764554,7.28449809776566,4.16673731950222,5.54263877223996,8.84583395059705,-0.75176057663565,-0.659436149613012,-1.33971486792453
4.84,-1.33971486792453,3.84829071978202,7.28777817173967,4.17047662057564,5.48378896633051,8.9778045694267,-0.760510049927456,-0.64932616146228,-1.33971486792453
4.85,-1.33971486792453,3.8349203119185,7.29100795804134,4.17425944204092,5.42729361311587,9.11553697226243,-0.769123570531211,-0.63910009642725,-1.33971486792453
4.86,-1.33971486792453,3.82154990405498,7.29418687929749,4.17808510766142,5.3730546092318,9.25936272279435,-0.777599598649672,-0.628759782571905,-1.33971486792453
4.87,-1.33971486792453,3.80817949619147,7.29731436722778,4.18195293354149,5.32097987560307,9.28486367757514,-0.785936619064456,-0.618307068383932,-1.33971486792453
4.88,-1.33971486792453,3.79480908832795,7.30038986274639,4.18586222824867,5.27098292464265,9.19290416442356,-0.794133141406915,-0.607743822444281,-1.33971486792453
4.89,-1.33971486792453,3.78143868046443,7.30341281606193,4.18981229293735,5.22298246497658,9.10436898022322,-0.802187700424557,-0.597071933093125,-1.33971486792453
4.9,-1.33971486792453,3.76806827260091,7.30638268677572,4.19380242147363,5.17690203998475,9.01912480244781,-0.810098856242985,-0.586293308092295,-1.33971486792453
4.91,-1.33971486792453,3.75469786473739,7.30929894397838,4.19783190056162,5.13266969686259,8.93704609516363,-0.817865194623297,-0.575409874284233,-1.33971486792453
4.92,-1.33971486792453,3.74132745687387,7.31216106634478,4.20190000987091,5.09021768327208,8.8580145827852,-0.825485327214898,-0.564423577247542,-1.33971486792453
4.93,-1.33971486792453,3.72795704901036,7.31496854222722,4.20600602216537,5.04948216896972,8.78191876709075,-0.832957891803695,-0.553336380949187,-1.33971486792453
4.94,-1.33971486792453,3.71458664114684,7.31772086974685,4.2101492034331,5.01040299007932,8.70865348345558,-0.840281552555607,-0.542150267393404,-1.33971486792453
4.95,-1.33971486792453,3.70121623328332,7.32041755688346,4.21432881301773,4.97292341392498,8.63811949268992,-0.84745500025537,-0.530867236267384,-1.33971486792453
4.96,-1.33971486792453,3.6878458254198,7.32305812156338,4.21854410375074,4.9369899225578,8.5702231052459,-0.85447695254058,-0.519489304583804,-1.33971486792453
4.97,-1.33971486792453,3.67447541755628,7.32564209174569,4.22279432208508,4.90255201330265,8.50487583489246,-0.861346154130929,-0.508018506320251,-1.33971486792453
4.98,-1.33971486792453,3.66110500969277,7.32816900550659,4.22707870822986,4.86956201482246,8.44199407925328,-0.86806137705261,-0.49645689205562,-1.33971486792453
4.99,-1.33971486792453,3.64773460182925,7.33063841112198,4.23139649628619,4.8379749173488,8.3814988248653,-0.874621420857837,-0.484806528603544,-1.33971486792453
5,-1.33971486792453,3.63436419396573,7.33304986714821,4.23574691438405,4.8379749173488,8.3814988248653,-0.874621420857837,-0.484806528603544,1
