0,0,3.14,8,6,-4.4409e-16,6.9813,6.00000760964441,8.00001014619255,-0.99999873172754,0.00159265291648683
0.008,-3.30623830188679,3.11355009358491,8.00001116326296,5.99299078368961,0.069822,6.9813,5.99534795557862,8.00315773933933,-0.999606833180246,0.0280388847738375
0.016,-3.27317165660377,3.08736472033208,8.00020965968263,5.98591424055789,0.13967,6.9813,5.99472633296892,8.01198707312284,-0.998530025905843,0.0542013594338497
0.024,-3.24009269811321,3.06144397874717,8.00059716980214,5.97877529618988,0.20954,6.9813,5.99803008851944,8.02636328901307,-0.996789813981357,0.0800628924222126
0.032,-3.20700332075472,3.03578795218113,8.00117519212928,5.97157886909965,0.27925,6.9813,6.00516031231713,8.04617016184792,-0.994407902292199,0.105607404375018
0.04,-3.17398971698113,3.01039603444528,8.00194502704047,5.96433004101148,0.27939,6.9813,6.0160314474045,8.07130936619222,-0.991406061147614,0.130820571470135
0.048,-3.17392341509434,2.98500464712453,8.002898674046,5.95710295576907,0.34921,6.9813,6.03089012134058,8.10202591994025,-0.987765128515538,0.155948872675253
0.056,-3.14085771698113,2.95987778538868,8.00404643155572,5.94983317032823,0.41904,6.9813,6.04943571264396,8.13803731005158,-0.983535234185966,0.180716471619928
0.064,-3.10778728301887,2.93501548712453,8.00538914434264,5.94252556121273,0.4889,6.9813,6.07161596311876,8.17929145093136,-0.97873870767022,0.205111048234921
0.072,-3.07470264150943,2.91041786599245,8.00692749377737,5.93518494182312,0.55851,6.9813,6.09738828691128,8.225749726968,-0.973397898008832,0.229121217158054
0.08,-3.04173639622641,2.88608397482264,8.00866193434349,5.92781634967691,0.55872,6.9813,6.12672122030711,8.27738852302373,-0.967534858617211,0.252737605750655
0.088,-3.04163694339623,2.86175087927547,8.01057520353201,5.9204919365635,0.62855,6.9813,6.16012605885048,8.33480622664298,-0.961099152842386,0.276203581449714
0.096,-3.00856650943396,2.8376823472,8.0126854788276,5.91314886089369,0.69841,6.9813,6.19714145908733,8.39751316052016,-0.954173613742962,0.299253596196767
0.104,-2.97548186792453,2.8138784922566,8.01499285238619,5.90579177314392,0.76824,6.9813,6.16692276380933,8.46552306817549,-0.946780581405185,0.321879683537282
0.112,-2.94241143396226,2.79033920078491,8.01749724954688,5.89842531070115,0.83776,6.9813,5.76183322514985,8.53886162107564,-0.938942168796609,0.344074997138009
0.12,-2.90948781132075,2.76706329829434,8.02019835396619,5.89105429896618,0.83811,6.9813,5.41174048693533,8.61756907768513,-0.930679903075473,0.365834550051562
0.128,-2.90932205660377,2.74378872184151,8.02307040674657,5.88374782175431,0.90797,6.9813,5.10314063037755,8.70262382523267,-0.92191396156688,0.387394692101042
0.136,-2.87623741509434,2.72077882252075,8.02613889311441,5.8764455006821,0.97783,6.9813,4.83193290304844,8.79329409807123,-0.912756789844537,0.408503418091814
0.144,-2.84315277358491,2.69803360033208,8.02940323025169,5.86915169173355,1.0477,6.9813,4.5917871464743,8.88965520926225,-0.903229995004278,0.429156819967448
0.152,-2.81006339622641,2.67555309316226,8.03286271315964,5.86187064996914,1.117,6.9813,4.37772263801463,8.99179321928212,-0.893354920121368,0.449351740505079
0.16,-2.77724396226415,2.65333514146415,8.03651625430057,5.85460705519492,1.1175,6.9813,4.18574961840489,9.0998153080688,-0.883151578601227,0.469087720169864
0.168,-2.77700716981132,2.63111908410566,8.0403304981192,5.84742597731813,1.1874,6.9813,4.01086290613599,9.21513883971099,-0.872513223943065,0.488590497292445
0.176,-2.74390358490566,2.60916785542641,8.04433761191121,5.84027016935061,1.2572,6.9813,3.8525807332089,9.33674130459405,-0.861578718899823,0.507623985976766
0.184,-2.71084735849057,2.58748107655849,8.04853640036051,5.83314366060986,1.327,6.9813,3.70868115719676,9.46476584569162,-0.850368253328129,0.526188021273449
0.192,-2.67779113207547,2.56605874750189,8.05292561520941,5.82605028559249,1.3963,6.9813,3.57732141644819,9.59936593826369,-0.838901826120611,0.544282763029938
0.2,-2.64497169811321,2.54489897391698,8.05750363761807,5.81899418971823,1.3969,6.9813,3.45694933032362,9.74071956491001,-0.827197989216776,0.561910568182983
0.208,-2.64468754716981,2.52374147353962,8.06223026793691,5.8120360378042,1.4667,6.9813,3.34510633883513,9.89078866962483,-0.815125116634679,0.579284942175524
0.216,-2.61163132075472,2.50284842297358,8.06714364232517,5.80512231611093,1.5366,6.9813,3.24202643165946,9.73707120713729,-0.802845065003517,0.596187723455875
0.224,-2.57852773584906,2.48222020108679,8.07224222280444,5.79825640791582,1.6064,6.9813,3.14673813038122,9.46467172606043,-0.790376835862205,0.612620973630882
0.232,-2.54547150943396,2.46185642901132,8.07752427196023,5.79144173868587,1.6755,6.9813,3.05840398050713,9.21341591372517,-0.777738551843196,0.628587897574275
0.24,-2.51274679245283,2.4417544546717,8.0829875979108,5.7846820806819,1.6763,6.9813,2.97629324417018,8.98111570777658,-0.764946412391183,0.644093926512164
0.248,-2.5123679245283,2.42165551127547,8.08858621071928,5.77803299022174,1.7461,6.9813,2.89899184997371,8.76339317078767,-0.751847175050094,0.659337413900647
0.256,-2.47931169811321,2.40182101769057,8.09436352927074,5.77144507250206,1.816,6.9813,2.82685364416334,8.56146006118758,-0.738622522625223,0.674119254339136
0.264,-2.44620811320755,2.38225135278491,8.1003176803042,5.7649211970481,1.8858,6.9813,2.75938601027213,8.37384374035927,-0.725289645461883,0.688443846792007
0.272,-2.41315188679245,2.36294613769057,8.10644659873983,5.75846425636956,1.9548,6.9813,2.69615369368522,8.19924310792221,-0.711864764065954,0.702316565148028
0.28,-2.38047452830189,2.34390234146415,8.11274767368188,5.75207751647252,1.9557,6.9813,2.63676632895739,8.0364899306162,-0.698361718193564,0.715745003867811
0.288,-2.38004830188679,2.32486195504906,8.11916987323385,5.74581129276232,2.0255,6.9813,2.58032700089565,7.88272784967416,-0.684607893257414,0.728911539550338
0.296,-2.3469920754717,2.30608601844528,8.12576129433008,5.73962050188384,2.0954,6.9813,2.5271663541991,7.73912937255645,-0.670802029671902,0.741636458777518
0.304,-2.31388849056604,2.28757491052075,8.13251983242205,5.73350747842599,2.1652,6.9813,2.47700732491326,7.60486792206501,-0.656959375562696,0.75392597704302
0.312,-2.28083226415094,2.26932825240755,8.13944319950687,5.72747456398169,2.234,6.9813,2.4296005332348,7.47919937249454,-0.643094148192993,0.765787122221266
0.32,-2.24824962264151,2.25134225542641,8.14652838540655,5.72152455325583,2.2351,6.9813,2.38471651896213,7.36143678077821,-0.629217429505508,0.777229326779735
0.328,-2.24772867924528,2.23336042599245,8.15372029479935,5.71570223726047,2.3049,6.9813,2.34175370601849,7.24958783812675,-0.615140452701323,0.788417543849965
0.336,-2.21467245283019,2.21564304636981,8.16107098340703,5.7099670707195,2.3748,6.9813,2.3009855264005,7.14467576910129,-0.601075945100013,0.799191909507426
0.344,-2.18156886792453,2.19819049542641,8.16857821210927,5.70432084916295,2.4446,6.9813,2.26224349558993,7.04619920058899,-0.587037176646937,0.809559975069415
0.352,-2.14851264150943,2.18100239429434,8.17623956680375,5.6987653620247,2.5133,6.9813,2.22537374112555,6.953699928263,-0.573036350753678,0.819529951078609
0.36,-2.11597735849057,2.16407457542641,8.18405180031356,5.69330284808509,2.5145,6.9813,2.19023181693111,6.86674490134333,-0.559082058598386,0.829112327584985
0.368,-2.11540905660377,2.14715130297358,8.1919563774932,5.68797268094741,2.5843,6.9813,2.15640002050475,6.78387636954226,-0.544971376685314,0.838454649097799
0.376,-2.08235283018868,2.13049248033207,8.20000878057178,5.68273885083378,2.6542,6.9813,2.12409279396578,6.70595751399261,-0.530928737935991,0.847416470947843
0.384,-2.04924924528302,2.11409848636981,8.20820672310322,5.67760262392398,2.724,6.9813,2.09320116404787,6.63266492548825,-0.516965474307264,0.856006249027579
0.392,-2.01619301886792,2.09796894221887,8.2165477517417,5.67256524968612,2.7925,6.9813,2.06362443552644,6.56369929321202,-0.503091836410246,0.864232957099743
0.4,-1.98375245283019,2.08209892259623,8.2250283791781,5.66762846221945,2.7939,6.9813,2.03526614348398,6.49877000155084,-0.489313665733978,0.872107869776427
0.408,-1.98308943396226,2.06623420712453,8.23358750814214,5.66282619071838,2.8637,6.9813,2.00783310230544,6.43678072405835,-0.475416926706276,0.879760618464568
0.416,-1.95003320754717,2.05063394146415,8.24228339640407,5.65812698915639,2.9335,6.9813,1.98148602387246,6.3784454942125,-0.461635134489884,0.887069897248524
0.424,-1.91697698113208,2.03529812561509,8.25111369750378,5.65353166104482,3.0034,6.9813,1.95615050411423,6.32354361343769,-0.447977442855279,0.894044859440982
0.432,-1.88387339622641,2.02022713844528,8.26007617429068,5.64904084898965,3.0718,6.9813,1.93175794948282,6.271872024363,-0.434452939679742,0.900694533792467
0.44,-1.85148018867924,2.00541529693585,8.26916716559722,5.64465577974636,3.0732,6.9813,1.90824095313392,6.22322566983928,-0.421064826219646,0.907030546409888
0.448,-1.85081716981132,1.99060875957736,8.27832338318061,5.64040524906596,3.1431,6.9813,1.88539404154507,6.17676185213828,-0.407589180335871,0.913165406743561
0.456,-1.81771358490566,1.97606705089811,8.28760561603202,5.63626214678498,3.2129,6.9813,1.86333232767657,6.13306698719036,-0.394267569100857,0.918995693110311
0.464,-1.78465735849057,1.96178979203019,8.2970115156303,5.63222682736224,3.2827,6.9813,1.84200277704213,6.09198332939535,-0.381107092350919,0.92453089951598
0.472,-1.75160113207547,1.94777698297358,8.30653885832355,5.62829949743356,3.351,6.9813,1.82135615675266,6.05336472707623,-0.368114825108551,0.929780337249235
0.48,-1.71925528301887,1.93402294070943,8.31618405477962,5.62448081073486,3.3526,6.9813,1.80134409896298,6.01706222518383,-0.355292171980597,0.934755300883236
0.488,-1.71849754716981,1.92027496033208,8.32588236125463,5.62079457074373,3.4224,6.9813,1.78182663447319,5.98242395950096,-0.342408003445319,0.939551360584716
0.496,-1.68544132075472,1.90679142976604,8.33569627098671,5.6172180113577,3.4856,6.9547,1.76287920446814,5.94992166787802,-0.329708792445373,0.94408268291724
0.504,-1.64291339622641,1.89364812259623,8.34559220344691,5.61376198361711,3.4907,6.6958,1.7445403830177,5.91960126244203,-0.317272303383578,0.948334479762114
0.512,-1.51788698113208,1.88150502674717,8.35529105346172,5.61051716172142,3.4907,6.4228,1.72742290298132,5.89267533512606,-0.305733478533768,0.952117135705288
0.52,-1.38859830188679,1.87039624033208,8.36476762193943,5.60747414932662,3.4907,6.4163,1.71147043389105,5.86890667292388,-0.29513796582296,0.955454646296665
0.528,-1.38552,1.85931208033208,8.37427117387701,5.6045385217719,3.4907,6.137,1.69582181643766,5.84617713825731,-0.284529640569753,0.958667243436036
0.536,-1.25324773584906,1.84928609844528,8.38353785353912,5.60178819828731,3.4907,5.8577,1.68123735996194,5.82626424143266,-0.27490392079286,0.961471702304708
0.544,-1.12097547169811,1.8403182946717,8.39256202848919,5.59920800682691,3.4907,5.5784,1.66764272135484,5.80891993559199,-0.266270692782483,0.963898292438127
0.552,-0.98870320754717,1.83240866901132,8.40133868525316,5.59678351194484,3.4907,5.3058,1.65497306353171,5.79392637405122,-0.258638368416998,0.965974220350933
0.56,-0.859603962264151,1.82553183731321,8.4098698662514,5.59449929908743,3.4907,5.2991,1.64315477430224,5.78105403955535,-0.251989463050962,0.967729978098895
0.568,-0.856430943396226,1.81868038976604,8.41841004382474,5.59227550235717,3.4907,5.0196,1.63145750470514,5.7686000098045,-0.245353249276529,0.969433743517033
0.576,-0.724063962264151,1.81288787806792,8.42669321650014,5.59017912048083,3.4907,4.7402,1.62056458032455,5.75809268435783,-0.239733708198552,0.970838683383275
0.584,-0.591744339622641,1.80815392335094,8.43471605612367,5.5881980034053,3.4907,4.4608,1.61043624528469,5.7493955941469,-0.235135132749452,0.971962689277164
0.592,-0.459424716981132,1.80447852561509,8.44247553169276,5.58632084768921,3.4907,4.1888,1.60104020049221,5.74239726693901,-0.231561203159437,0.972820337570794
0.6,-0.330609622641509,1.80183364863396,8.44997618857026,5.58453546033251,3.4907,4.1815,1.59233308044952,5.73697028836512,-0.22898740611349,0.973429385133516
0.608,-0.327152452830189,1.79921642901132,8.4574744068786,5.58277159580662,3.4907,3.9021,1.58366060586834,5.73164911315919,-0.226438946271059,0.974025360866776
0.616,-0.194832830188679,1.79765776636981,8.46470398466516,5.58109088189326,3.4907,3.6228,1.57566919894683,5.72785502683945,-0.224920494885268,0.974377119487401
0.624,-0.0625605660377357,1.79715728184151,8.47166294123119,5.57948451006513,3.4907,3.3434,1.56834625123811,5.72554566088386,-0.224432806063014,0.974489566677182
0.632,0.0697590566037736,1.79771535429434,8.47834933941541,5.57794457864025,3.4907,3.0718,1.56168577928298,5.72470209604119,-0.224976606868297,0.974364165167227
0.64,0.198384716981132,1.79930243203019,8.48476918130866,5.57646226402175,3.4907,3.064,1.55566906257923,5.72528601963865,-0.226522714555014,0.974005882831632
0.648,0.202078679245283,1.80091906146415,8.4911790349343,5.57497153643091,3.4907,2.7841,1.54967280905597,5.72591579869237,-0.22809702444074,0.973638406925939
0.656,0.334635094339623,1.80359614221887,8.49731285875518,5.57353454816911,3.4907,2.5046,1.54434700659519,5.7280528723294,-0.230702712610622,0.973024284586002
0.664,0.467002075471698,1.80733215882264,8.50316976553853,5.5721458836683,3.4907,2.2253,1.53970234272001,5.73174290145765,-0.234336328985454,0.972155586785171
0.672,0.599274339622641,1.81212635353962,8.50874883423793,5.570801059346,3.4907,1.9548,1.53575588949588,5.73705538847206,-0.238994321286453,0.971020964960504
0.68,0.727379056603773,1.81794538599245,8.51405767968128,5.56949440999513,3.4907,1.9458,1.53250943205462,5.74403366697455,-0.244640645607302,0.969613817206027
0.688,0.731641320754717,1.82379851655849,8.51935007042059,5.5681591011698,3.4907,1.6663,1.52933587416929,5.7512483514048,-0.250311698896303,0.968165302722447
0.696,0.864008301886792,1.83071058297359,8.5243628702006,5.56686308030887,3.4907,1.3869,1.52692340621575,5.76034132299002,-0.256997688977626,0.966412017650939
0.704,0.996327924528302,1.83868120636981,8.52909549654292,5.5656045342534,3.4907,1.1076,1.5253077950375,5.77145556372992,-0.264692350058189,0.964332909228278
0.712,1.12860018867925,1.84771000787925,8.53354752572749,5.56438253088079,3.4907,0.83776,1.52453135395842,5.78476001273389,-0.273388213501675,0.961903781424297
0.72,1.25639233962264,1.85776114659623,8.5377277420174,5.56319444753439,3.4907,0.82826,1.52461788243446,5.80038750777694,-0.28304246959344,0.95910737689085
0.728,1.26089139622641,1.86784827776604,8.54188665779948,5.5619671086335,3.4907,0.54894,1.5248984910868,5.8167187734733,-0.292702547750754,0.956203544513519
0.736,1.39317313207547,1.87899366282264,8.54576482675838,5.56077996606183,3.4907,0.26941,1.52614412290454,5.83574914162838,-0.303341404298485,0.952881940451294
0.744,1.52555432075472,1.89119809738868,8.54936209943515,5.55963480662592,3.4907,-0.010123,1.52842082937035,5.85774136938701,-0.314947910094815,0.949108957879394
0.752,1.65793693018868,1.90446159283019,8.55267876003167,5.55853422137204,3.4907,-0.27925,1.53180278665053,5.88299126334688,-0.327508340877773,0.944848287639602
0.76,1.78539141509434,1.91874472415094,8.55572523039715,5.55747823760408,3.4907,-0.28959,1.53634120635346,5.9117440805198,-0.340969867625316,0.940074225458594
0.768,1.79028828301887,1.93306703041509,8.55874654852502,5.55638238962291,3.4907,-0.56898,1.54129176208457,5.94205439393964,-0.354398467575203,0.935094501203139
0.776,1.92260316981132,1.94844785577359,8.5614895611683,5.55534279471987,3.4907,-0.8483,1.5475622447385,5.97648688088135,-0.368738506561223,0.929533169811061
0.784,2.05488490566038,1.96488693501887,8.56395558441,5.55436454267161,3.4907,-1.1278,1.55526121588499,6.01547393543172,-0.383968664322097,0.923346124061126
0.792,2.18725188679245,1.98238495011321,8.56614608606477,5.55345363399646,3.4907,-1.3963,1.56451189420863,6.05950451429046,-0.400065783906563,0.916486425729932
0.8,2.31440943396226,2.00090022558491,8.5680732531915,5.55261238462753,3.4907,-1.4072,1.57541138360117,6.10900577069596,-0.416965240620541,0.908922432396877
0.808,2.31957150943396,2.01945679766038,8.56997456803895,5.55174016256038,3.4907,-1.6865,1.58710265918315,6.16155585639506,-0.433758969106649,0.901028943330644
0.816,2.45184377358491,2.03907154784906,8.57160670700418,5.55095444427659,3.4907,-1.9658,1.60071311674879,6.22061559165734,-0.451347854292221,0.892348090391753
0.824,2.58411603773585,2.05974447615094,8.57297289157363,5.55026343089221,3.4907,-2.2452,1.61642820641202,6.28691796374118,-0.469697545608973,0.88282739856039
0.832,2.71643566037736,2.08147596143396,8.57407685134464,5.54967608256598,3.4907,-2.5133,1.63445974183338,6.36129804451478,-0.488770281490373,0.872412523942556
0.84,2.84340377358491,2.10422319162264,8.57493295812955,5.54919644759656,3.4907,-2.5247,1.65499632061655,6.44453870120842,-0.50848709028307,0.861069613338815
0.848,2.84880264150943,2.12701361275472,8.57576807854902,5.54870328427323,3.4907,-2.804,1.67703018499099,6.53358680923589,-0.527977481412666,0.849258370062455
0.856,2.98107490566038,2.150862212,8.57635359701463,5.5483392718882,3.4907,-3.0833,1.70205790044754,6.63338499804273,-0.548079046115637,0.836426541430252
0.864,3.11334716981132,2.17576898935849,8.5766957202283,5.5481150913352,3.4907,-3.3626,1.73042400610029,6.74528396991377,-0.568739590947587,0.822517645822125
0.872,3.24561943396226,2.20173394483019,8.57680150619677,5.54804194437143,3.4907,-3.6303,1.76253000525628,6.87085493692704,-0.589902120029384,0.807474760463036
0.88,3.37239811320755,2.22871312973585,8.57668833182631,5.54812462410873,3.4907,-3.642,1.79877374106838,7.01169048858226,-0.611469813296244,0.791267759628469
0.888,3.37793905660377,2.25573664218868,8.57656813413903,5.54821750955301,3.4907,-3.9215,1.83797450525106,7.16401155314724,-0.632626789493671,0.774456806552135
0.896,3.51030603773585,2.28381909049057,8.57623316360279,5.54849113531641,3.4907,-4.2008,1.88232321952776,7.33550847678006,-0.654123138344535,0.756388074920736
0.904,3.64257830188679,2.31295971690566,8.5756939039861,5.54895748612831,3.4907,-4.4804,1.93255152422022,7.52903205122972,-0.675883928039352,0.737008083957087
0.912,3.77499264150943,2.34315965803774,8.57496156941781,5.54962908414119,3.4907,-4.7473,1.98954504040842,7.74802755035076,-0.697829953689814,0.716263468099045
0.92,3.90139245283019,2.37437079766038,8.5740579125171,5.55050948483347,3.4907,-4.7599,2.05426282854641,7.99626114852607,-0.719841860662897,0.694138095509373
0.928,3.90735962264151,2.40562967464151,8.573173388446,5.55142676261618,3.4907,-5.0392,2.12546407789923,8.26965103501823,-0.741184648227908,0.671301211998959
0.936,4.03963188679245,2.43794672973585,8.57212972047951,5.55257907794168,3.4907,-5.3185,2.20690257098692,8.58201281900259,-0.762488340428584,0.647001955723833
0.944,4.1719041509434,2.4713219629434,8.57094239994414,5.55397832883507,3.4907,-5.5978,2.30048597032371,8.94075174049495,-0.783653542068018,0.621198137476481
0.952,4.30417641509434,2.50575537426415,8.56962823764228,5.55563617015907,3.4907,-5.8643,2.40863593076627,9.3552636103867,-0.804574759069912,0.59385137624459
0.96,4.43038679245283,2.54119846860377,8.56821303375312,5.55755354776179,3.4907,-5.8772,2.53428081458665,9.8369391984688,-0.825112977208894,0.564967764426853
0.968,4.43649603773585,2.57669043690566,8.56685934500103,5.55953055641038,3.4907,-6.1566,2.67710013747017,10.1426047762048,-0.844640951119328,0.535333226777712
0.976,4.56881566037736,2.61324096218868,8.56542649157237,5.56179129163522,3.4907,-6.4358,2.84575218609359,9.91782999120216,-0.863639173001607,0.504110482788346
0.984,4.70104056603774,2.65084928671698,8.56393589716638,5.56434496937854,3.4907,-6.7154,3.0471461965583,9.70986760288688,-0.881982767161542,0.471281655096047
0.992,4.83345490566038,2.68951692596226,8.56241007624538,5.56720047572712,3.4907,-6.958,3.29093198177338,9.51862979788545,-0.899542293172018,0.436833678640769
1,4.94834660377358,2.72910369879245,8.56088938429777,5.57033193465221,3.4907,-6.9636,3.58978242380404,9.34466511058861,-0.916125862509217,0.400890763228269
1.008,4.95099867924528,2.76871168822642,8.55949156175203,5.57352627461415,3.4907,-6.9813,3.9541825794212,9.19108770084435,-0.931281676375006,0.364299930343335
1.016,4.95938113207547,2.80838673728302,8.55821484991383,5.57679000936098,3.4907,-6.9813,4.40812742488206,9.05632515108194,-0.944998628819262,0.327074290536133
1.024,4.95938113207547,2.84806178633962,8.55706859765321,5.58010181602359,3.4907,-6.9813,4.98708089300579,8.93942342585764,-0.957228245045597,0.289333867507635
1.032,4.95938113207547,2.88773683539623,8.55605460906009,5.5834564821394,3.4907,-6.9813,5.74960794492644,8.83934430784108,-0.967951276823814,0.251138061024504
1.04,4.95938113207547,2.92741188445283,8.55517448005422,5.58684872778919,3.4907,-6.9813,5.71748849641002,8.75522392993925,-0.977150847141563,0.212546987582809
1.048,4.95938113207547,2.96708693350943,8.5544295958733,5.59027321390721,3.4907,-6.9813,5.67648496113555,8.68635379595843,-0.98481247676712,0.173621385790489
1.056,4.95938113207547,3.00676198256604,8.55382112889282,5.59372455068434,3.4907,-6.9813,5.64495758146705,8.63216574118747,-0.990924107038303,0.134422520770672
1.064,4.95938113207547,3.04643703162264,8.55335003678082,5.59719730605112,3.4907,-6.9813,5.62263343149229,8.59222021994241,-0.995476118841626,0.0950120877363108
1.072,4.95938113207547,3.08611208067924,8.55301706099059,5.60068601422731,3.4907,-6.9813,5.60931680213545,8.56619745997039,-0.998461347751859,0.0554521148879002
1.08,4.95938113207547,3.12578712973585,8.55282272559376,5.60418518432449,3.4907,-6.9813,5.60488526079093,8.55389114673169,-0.999875095308135,0.0158048657871039
1.088,4.95938113207547,3.16546217879245,8.55276733645538,5.60768930898821,3.4907,-6.9813,5.60928719068101,8.55520440270437,-0.999715136408872,-0.0238672586400555
1.096,4.95938113207547,3.20513722784905,8.5528509807526,5.61119287306598,3.4907,-6.9813,5.62254071872668,8.57014791477076,-0.997981722813868,-0.0635018183162034
1.104,4.95938113207547,3.24481227690566,8.55307352683741,5.61469036228764,3.4907,-6.9813,5.64473399186859,8.59884014195566,-0.994677582748057,-0.103036432287241
1.112,4.95938113207547,3.28448732596226,8.55343462444383,5.61817627194426,3.4907,-6.9813,5.67602681053505,8.64150961103623,-0.989807916607543,-0.142408876903919
1.12,4.95938113207547,3.32416237501887,8.55393370523925,5.62164511555202,3.4907,-6.9813,5.71665367717646,8.69849938323221,-0.983380388774686,-0.18155718375583
1.128,4.95938113207547,3.36383742407547,8.5545699837189,5.62509143348742,3.4907,-6.9813,5.76692837035838,8.7702738557512,-0.975405115555103,-0.220419737203673
1.136,4.95938113207547,3.40351247313207,8.55534245844212,5.62850980158016,3.4907,-6.9813,5.82725021400423,8.85742815226868,-0.965894649255587,-0.258935371356303
1.144,4.95938113207547,3.44318752218868,8.5562499136086,5.6318948396503,3.4907,-6.9813,5.89811228075064,8.96070046218406,-0.954863958427991,-0.297043466339908
1.152,4.95938113207547,3.48286257124528,8.5572909209719,5.63524121997613,3.4907,-6.9813,5.98011185270132,9.08098781683284,-0.942330404310179,-0.334684043707814
1.16,4.95938113207547,3.52253762030188,8.55846384208736,5.63854367567945,3.4907,-6.9813,6.0739635682142,9.21936595098787,-0.928313713501123,-0.371797860840747
1.168,4.95938113207547,3.56221266935849,8.55976683089086,5.64179700901519,3.4907,-6.9813,6.18051581786799,9.37711410230575,-0.912835946913144,-0.408326504188968
1.176,4.95938113207547,3.60188771841509,8.56119783660437,5.64499609955211,3.4907,-6.9813,6.30077112756298,9.55574586677064,-0.895921465050182,-0.44421248120954
1.184,4.95938113207547,3.64156276747169,8.56275460696363,5.64813591223188,3.4907,-6.9813,6.43591149733547,9.07774372895031,-0.877596889666718,-0.479399310854013
1.192,4.95938113207547,3.6812378165283,8.56443469176303,5.65121150529376,3.4907,-6.9813,6.5873299728645,8.4634506504013,-0.857891061867717,-0.513831612464124
1.2,4.95938113207547,3.7209128655849,8.566235446712,5.65421803805248,3.4907,-6.9813,6.75667014434697,7.93815095376936,-0.836834996715525,-0.547455192935575
1.208,4.95938113207547,3.7605879146415,8.56815403759685,5.65715077851697,3.4907,-6.9813,6.94587584030766,7.48486899450555,-0.814461834415168,-0.580217132012732
1.216,4.95938113207547,3.80026296369811,8.57018744474154,5.6600051108381,3.4907,-6.9813,7.15725407977856,7.09073178758215,-0.790806788154881,-0.612065865579973
1.224,4.95938113207547,3.83993801275471,8.57233246776037,5.66277654257353,3.4907,-6.9813,7.39355546676518,6.74580435759542,-0.765907088683964,-0.642951266818609
1.232,4.95938113207547,3.87961306181132,8.5745857305951,5.66546071175843,3.4907,-6.9813,7.65807781086998,6.44230083486725,-0.739801925715196,-0.672824725101632
1.24,4.95938113207547,3.91928811086792,8.57694368682848,5.66805339377073,3.4907,-6.9813,7.95480107739213,6.17403712235612,-0.712532386244022,-0.701639222502134
1.248,4.95938113207547,3.95896315992452,8.57940262526603,5.67055050798035,3.4907,-6.9813,8.2885651882013,5.93604306214336,-0.684141389881608,-0.729349407794962
1.256,4.95938113207547,3.99863820898113,8.58195867577705,5.67294812417161,3.4907,-6.9813,8.66530732195394,5.7242824260414,-0.654673621303534,-0.75591166783515
1.264,4.95938113207547,4.03831325803773,8.58460781538587,5.6752424687291,3.4907,-6.9813,9.09238320496039,5.53544734720257,-0.624175459920447,-0.781284196200779
1.272,4.95938113207547,4.07798830709433,8.58734587460359,5.67742993057694,3.4907,-6.9813,9.57900914055488,5.36680512675042,-0.592694906881368,-0.805427058992238
1.28,4.95938113207547,4.11766335615094,8.59016854399047,5.67950706686227,3.4907,-6.9813,10.1368811397721,5.21608252670541,-0.560281509524532,-0.828302257684302
1.288,4.95938113207547,4.15733840520754,8.59307138093859,5.68147060837397,3.4907,-6.9813,10.1109970596173,5.08137731492141,-0.526986283394688,-0.84987378893213
1.296,4.95938113207547,4.19701345426415,8.59604981666402,5.68331746468807,3.4907,-6.9813,9.87929402813346,4.96108990780666,-0.492861631949571,-0.87010770123704
1.304,4.95938113207547,4.23668850332075,8.59909916339773,5.6850447290318,3.4907,-6.9813,9.67308051106022,4.85387003273107,-0.457961264081947,-0.888972148382876
1.312,4.95938113207547,4.27636355237735,8.6022146217636,5.68664968285856,3.4907,-6.9813,9.49013604948849,4.75857475529765,-0.422340109587019,-0.906437439558862
1.32,4.95938113207547,4.31603860143396,8.60539128833223,5.68812980012663,3.4907,-6.9813,9.32857926410471,4.67423520771074,-0.386054232708256,-0.922476086090062
1.328,4.95938113207547,4.35571365049056,8.60862416333844,5.68948275127494,3.4907,-6.9813,9.18681624398108,4.60003005465058,-0.349160743897711,-0.937062844701889
1.336,4.95938113207547,4.39538869954717,8.61190815855042,5.69070640688956,3.4907,-6.9813,9.06349920668265,4.53526423452864,-0.311717709929706,-0.95017475725057
1.344,4.95938113207547,4.43506374860377,8.61523810527811,5.69179884105519,3.4907,-6.9813,8.95749329272932,4.47935187784703,-0.273784062509355,-0.96179118685704
1.352,4.95938113207547,4.47473879766037,8.61860876250822,5.69275833438638,3.4907,-6.9813,8.86784987791921,4.43180257174875,-0.235419505519784,-0.971893850387387
1.36,4.95938113207547,4.51441384671698,8.62201482515308,5.69358337673365,3.4907,-6.9813,8.79378517440237,4.39221033881801,-0.196684421053995,-0.980466847228735
1.368,4.95938113207547,4.55408889577358,8.62545093240032,5.69427266956034,3.4907,-6.9813,8.73466318358453,4.36024484823995,-0.157639774379318,-0.987496684315263
1.376,4.95938113207547,4.59376394483019,8.6289116761503,5.69482512798638,3.4907,-6.9813,8.68998228757088,4.33564449223619,-0.118347017983982,-0.992972297364986
1.384,4.95938113207547,4.63343899388679,8.63239160952788,5.69523988249576,3.4907,-6.9813,8.6593649399343,4.31821105001774,-0.0788679948568626,-0.996885068293862
1.392,4.95938113207547,4.67311404294339,8.63588525545535,5.6955162803051,3.4907,-6.9813,8.64255005490118,4.30780573241983,-0.0392648411526098,-0.999228838779816
1.4,4.95938113207547,4.712789092,8.63938711527273,5.69565388639104,3.4907,-6.9813,8.63938780680951,4.30434645814887,0.000400111604632281,-0.999999919955349
1.408,4.95938113207547,4.7524641410566,8.64289167739221,5.69565248417496,3.4907,-6.9813,8.6498366466892,4.30780626116825,0.0400644346250021,-0.99919709821345
1.416,4.95938113207547,4.79213919011321,8.6463934259728,5.69551207586379,3.4907,-6.9813,8.67396242619064,4.31821277132645,0.079665700109783,-0.996821637117703
1.424,4.95938113207547,4.83181423916981,8.64988684960175,5.69523288244662,3.4907,-6.9813,8.71193959595749,4.33564874949963,0.119141579506705,-0.992877275413557
1.432,4.95938113207547,4.87148928822641,8.65336644996898,5.6948153433468,3.4907,-6.9813,8.764054520445,4.36025369659772,0.158429941609045,-0.9873702211439
1.44,4.95938113207547,4.91116433728302,8.65682675052088,5.6942601157304,3.4907,-6.9813,8.83071102849755,4.3922265949903,0.197468950344119,-0.98030914187821
1.448,4.95938113207547,4.95083938633962,8.66026230507988,5.69356807347186,3.4907,-6.9813,8.91243840329337,4.43182988356425,0.236197162097266,-0.971705151070631
1.456,4.95938113207547,4.99051443539623,8.66366770641621,5.69274030577859,3.4907,-6.9813,9.00990211172298,4.47939481635059,0.274553622418143,-0.961571790568482
1.464,4.95938113207547,5.03018948445283,8.66703759475833,5.69177811547668,3.4907,-6.9813,9.12391768815201,4.26578052702675,0.312477961957115,-0.949925009298696
1.472,4.95938113207547,5.06986453350943,8.67036666622874,5.69068301696037,3.4907,-6.9813,9.25546832878043,3.79992416959111,0.349910491480764,-0.936783138165761
1.48,4.95938113207547,5.10953958256604,8.67364968119171,5.68945673380856,3.4907,-6.9813,9.40572693091438,3.4291022162344,0.386792295816948,-0.922166861200648
1.488,4.95938113207547,5.14921463162264,8.6768814725,5.68810119607203,3.4907,-6.9813,9.57608354055988,3.12745678827184,0.423065326581578,-0.906099183006156
1.496,4.95938113207547,5.18888968067925,8.68005695362743,5.68661853723575,3.4907,-6.9467,9.40405523222722,2.87774624587158,0.458672493541138,-0.888605392549896
1.504,4.94299509433962,5.22843364143396,8.68314025794503,5.68502702440952,3.4907,-6.6835,8.74460980423153,2.66871303164903,0.493443741023465,-0.869777715537003
1.512,4.81834754716981,5.26698042181132,8.68592839234036,5.68344525536448,3.4907,-6.4228,8.19708953978463,2.49540739476578,0.526596022122864,-0.850115656534084
1.52,4.69488396226415,5.30453949350943,8.68843098695335,5.68189504703923,3.4907,-6.4042,7.7365056135937,2.34986438323912,0.558146683868941,-0.829742296912785
1.528,4.68607528301887,5.34202809577359,8.69085811095213,5.68026238203432,3.4907,-6.1248,7.335849142557,2.22320618833788,0.588853114891071,-0.808240068966568
1.536,4.55375566037736,5.3784581410566,8.69299561205846,5.67870507965243,3.4907,-5.8455,6.99351687744431,2.11523569079329,0.617900120365011,-0.786256600133128
1.544,4.42148339622641,5.41383000822642,8.69485449500862,5.67724422832418,3.4907,-5.5663,6.6986321291157,2.02248058291687,0.64531917686402,-0.763913057861654
1.552,4.28925849056604,5.44814407615094,8.69644641526329,5.67589944614274,3.4907,-5.3058,6.44285051667734,1.94227696195586,0.671147117671643,-0.741324184443652
1.56,4.16588962264151,5.48147119313208,8.69779737510058,5.67467637421292,3.4907,-5.2867,6.21922722830466,1.87239030468397,0.695476056269799,-0.718549271209294
1.568,4.1568441509434,5.51472594633962,8.69909305164964,5.67342230291588,3.4907,-5.0075,6.01764137247257,1.80937267794961,0.718982310390888,-0.695028371611534
1.576,4.02461924528302,5.54692290030189,8.70015148755984,5.672327388338,3.4907,-4.7281,5.84044310968451,1.75422033257717,0.740983608672762,-0.671523113286722
1.584,3.89229962264151,5.57806129728302,8.70098575403102,5.67140682764816,3.4907,-4.4488,5.68406556065953,1.70579258533244,0.761531183297891,-0.648128271922244
1.592,3.76002735849057,5.60814151615094,8.70160920961514,5.67067428612934,3.4907,-4.1888,5.54558591559257,1.6631545316686,0.780679585487597,-0.624931504088979
1.6,3.63689528301887,5.6372366784151,8.70204721935687,5.67012711374103,3.4907,-4.1692,5.42231074904495,1.62542954472615,0.798529093343019,-0.601956216916792
1.608,3.62761301886792,5.66625758256604,8.70245728035922,5.66958314454324,3.4907,-3.8898,5.30909739360287,1.59078927061091,0.81565971283078,-0.578531963563648
1.616,3.49529339622641,5.69421992973585,8.70268909603431,5.66925631263268,3.4907,-3.6105,5.20825146760502,1.56017578210147,0.831515857923576,-0.555501015320061
1.624,3.36302113207547,5.72112409879245,8.70275591125203,5.6691562985705,3.4907,-3.3312,5.11824212305331,1.53309835141827,0.846158426527488,-0.532931437632014
1.632,3.23074886792453,5.74697008973585,8.70267056867747,5.66929180068861,3.4907,-3.0718,5.0377666797365,1.50913954045608,0.859648426500352,-0.51088607616128
1.64,3.10790094339623,5.77183329728302,8.70245570245946,5.66965334784138,3.4907,-3.0517,4.96551730436657,1.48786671833951,0.872083689719621,-0.489356759557903
1.648,3.09838188679245,5.79662035237736,8.70224001553154,5.67003772396012,3.4907,-2.7724,4.89845617843995,1.46814683564996,0.883944271074173,-0.467592264302083
1.656,2.96610962264151,5.82034922935849,8.701902800522,5.67067520087871,3.4907,-2.4932,4.83837062289505,1.45072861174368,0.894789824209628,-0.446487592762557
1.664,2.83388471698113,5.84302030709434,8.70145564766272,5.67157132393976,3.4907,-2.2139,4.78447861921079,1.43536099467616,0.904681370856292,-0.426088743368773
1.672,2.70161245283019,5.86463320671698,8.70090944143476,5.67273104150277,3.4907,-1.9548,4.73609648333795,1.42182477792992,0.913678379171748,-0.406437965050125
1.68,2.57890660377358,5.88526445954717,8.70028269637196,5.67413997339983,3.4907,-1.9344,4.69249059194265,1.40987252984535,0.921868662673078,-0.387502475838995
1.688,2.56924547169811,5.90581842332076,8.69967721398839,5.67558041641635,3.4907,-1.655,4.65172374268057,1.39874086219592,0.92963809176933,-0.368473904546142
1.696,2.4369258490566,5.92531383011321,8.69899810081163,5.67729377920799,3.4907,-1.3757,4.61509793425676,1.38900283080265,0.936644526805295,-0.350281358918349
1.704,2.30465358490566,5.94375105879245,8.69825429235722,5.67928270639488,3.4907,-1.0965,4.58216079190672,1.38051340489733,0.942943185502488,-0.332953673826286
1.712,2.17242867924528,5.96113048822642,8.69745394604061,5.68154933134791,3.4907,-0.83776,4.55250862506669,1.3731434257758,0.94858703723792,-0.316516402077656
1.72,2.04989332075472,5.97752963479245,8.69661088822078,5.68407594202045,3.4907,-0.81702,4.5256904739806,1.36673759960241,0.953649853606416,-0.300918521723842
1.728,2.04007116981132,5.99385020415094,8.69580311014829,5.68663589557921,3.4907,-0.53756,4.50042990802831,1.36075845835285,0.95843379245307,-0.285315028493112
1.736,1.90772313207547,6.00911198920755,8.69495716462415,5.68947760630573,3.4907,-0.25831,4.47764409212361,1.35564017724098,0.962676422022172,-0.270654958355818
1.744,1.77547454716981,6.02331578558491,8.69407880279379,5.69260179892807,3.4907,0.021014,4.45705029056841,1.35129286398897,0.966423513368659,-0.256954456680901
1.752,1.64319091698113,6.03646131292076,8.69317284282865,5.69600917712182,3.4907,0.27925,4.43839557018777,1.34763667119338,0.969717717768921,-0.244228474681055
1.76,1.52089424528302,6.04862846688302,8.69224843077397,5.69967958758117,3.4907,0.30055,4.42138940645567,1.3445693297071,0.972617432461373,-0.232411983495357
1.768,1.51080688679245,6.06071492197736,8.69136377431381,5.70338177316535,3.4907,0.57987,4.40518235665114,1.3417019870798,0.975355360793958,-0.220639797340572
1.776,1.3785251509434,6.07174312318491,8.69046205205499,5.70736790644542,3.4907,0.85912,4.39040976710724,1.33936663374625,0.977729260196804,-0.209870183101388
1.784,1.24627656603774,6.08171333571321,8.68954550294506,5.71163786452117,3.4907,1.1384,4.37689320146211,1.33750816693674,0.979773080605736,-0.200111745083457
1.792,1.11401377358491,6.09062544590189,8.68861546031677,5.71619147395887,3.4907,1.3963,4.36447464234326,1.33607852335496,0.981517565592081,-0.191372068061657
1.8,0.991876226415094,6.09856045571321,8.68767648407897,5.72100733700729,3.4907,1.4178,4.35297057638718,1.33501178931911,0.983005188733466,-0.183577773499635
1.808,0.981694150943396,6.10641400892075,8.68677178821174,5.72585171830007,3.4907,1.6972,4.34180843296695,1.3340167323546,0.984416596837098,-0.175852107953436
1.816,0.849374528301887,6.11320900514717,8.68585583584829,5.73097920138225,3.4907,1.9766,4.33144218254047,1.33335950679583,0.985588775910635,-0.169158992663635
1.824,0.717054905660377,6.11894544439245,8.68492729351586,5.73638926493484,3.4907,2.2558,4.32176910753468,1.33301113779055,0.986542924662928,-0.163502470310134
1.832,0.58483,6.12362408439245,8.68398396830244,5.74208111052709,3.4907,2.5133,4.31270274908931,1.33294834990393,0.987297093538858,-0.158885018455876
1.84,0.462881886792453,6.12732713948679,8.68302620686902,5.74803255320369,3.4907,2.5353,4.30413928361376,1.33313312235629,0.987878682965472,-0.155227921916144
1.848,0.452463018867924,6.13094684363774,8.68208706179773,5.75400932197502,3.4907,2.8147,4.29567406113602,1.33333416221828,0.988434089178102,-0.151651084238311
1.856,0.320143396226415,6.13350799080755,8.68112701616819,5.76026672417014,3.4907,3.094,4.28767268204764,1.33378571149844,0.988819247696191,-0.149119064460383
1.864,0.187871132075472,6.13501095986415,8.68014118424722,5.76680384658285,3.4907,3.3733,4.28009637033748,1.3344817300992,0.989042252121853,-0.147632731864353
1.872,0.0555988679245283,6.13545575080755,8.67912377977142,5.77361978774549,3.4907,3.6303,4.2729216439856,1.33542187569298,0.989107819986215,-0.147192800238724
1.88,-0.0661124528301889,6.13492685118491,8.67807142720119,5.78069139827876,3.4907,3.6526,4.26610853145174,1.33659120361241,0.989029831429402,-0.147715918379602
1.888,-0.0766733962264152,6.1343134640151,8.67701202736495,5.78778459482078,3.4907,3.932,4.25932766523372,1.33778516304917,0.988939038327797,-0.14832254876212
1.896,-0.208993018867925,6.13264151986415,8.67590666976713,5.79515455501178,3.4907,4.2113,4.25294769029555,1.33924058427917,0.988689669187069,-0.149975791522376
1.904,-0.341265283018868,6.1299113976,8.67474693576664,5.80279990239519,3.4907,4.4905,4.2469895401011,1.34097392807122,0.988276532817855,-0.152674472920394
1.912,-0.473490188679245,6.12612347609057,8.67352353616135,5.81071908558957,3.4907,4.7473,4.24148886978547,1.34300737342552,0.987691125220922,-0.156416882592094
1.92,-0.59510679245283,6.12136262175094,8.67222981963344,5.8188882314771,3.4907,4.7699,4.23646003138142,1.34534679085372,0.986935256688714,-0.161117345760108
1.928,-0.605809811320754,6.11651614326038,8.67089356998327,5.82707351956802,3.4907,5.0492,4.23156403649693,1.34778290399054,0.986142817275311,-0.165898595341589
1.936,-0.738082075471698,6.11061148665661,8.66947114553926,5.83552876685745,3.4907,5.3286,4.22726274942819,1.35059044681093,0.985146057861168,-0.171718504188104
1.944,-0.870401698113207,6.1036482730717,8.66795065078725,5.84425181868006,3.4907,5.608,4.22363692802277,1.35380984982991,0.98392647193408,-0.178574068182796
1.952,-1.00272132075472,6.09562650250566,8.66631935974558,5.85324008027741,3.4907,5.8643,4.22078252632153,1.35748778589906,0.982462350017486,-0.186461070462763
1.96,-1.12410113207547,6.08663369344906,8.66456803905814,5.86246777930296,3.4907,5.8876,4.21876092738823,1.36164937878304,0.980745837915618,-0.195288508139092
1.968,-1.13513566037736,6.07755260816604,8.6627292389454,5.87170229890945,3.4907,6.1669,4.2171445366691,1.36605072898183,0.978931991823849,-0.204186570037774
1.976,-1.2674079245283,6.06741334476981,8.66074939891773,5.88119424904811,3.4907,6.4463,4.21658236354497,1.37104316307838,0.976811406925566,-0.214101553707808
1.984,-1.39972754716981,6.05621552439245,8.65861336166997,5.89093965029853,3.4907,6.7255,4.21722047801853,1.37669508809156,0.974352745159798,-0.225026060712012
1.992,-1.53195245283019,6.04395990476981,8.65630525478356,5.90093364954369,3.4907,6.958,4.21922217247254,1.38308243325237,0.971521807313167,-0.236950159136805
2,-1.64206094339623,6.03082341722264,8.65381953037128,5.9111253940114,3.4907,6.9666,4.22262464209016,1.39021500327481,0.968325378777842,-0.249691731570649
2.008,-1.64613377358491,6.01765434703396,8.65119798462135,5.92129196727082,3.4907,6.9813,4.22684499501997,1.3977899379479,0.964953301465911,-0.262421656861699
2.016,-1.65309547169811,6.00442958326038,8.64843891271233,5.93143737820767,3.4907,6.9813,4.23192087428014,1.4058280798042,0.961398556981387,-0.275159616648422
2.024,-1.65309547169811,5.99120481948679,8.64554591532077,5.94154541495913,3.4907,6.9813,4.23781735798092,1.41431397355011,0.957675671745914,-0.28784945326683
2.032,-1.65309547169811,5.97798005571321,8.64251949840826,5.95161430971219,3.4907,6.9813,4.24454612962529,1.42325584810162,0.953785296861694,-0.300488947368202
2.04,-1.65309547169811,5.96475529193962,8.63936019127039,5.96164230149944,3.4907,6.9813,4.25211978501921,1.43266245412885,0.949728112723503,-0.313075888408312
2.048,-1.65309547169811,5.95153052816604,8.63606854644416,5.97162763650707,3.4907,6.9813,4.26055186643612,1.44254308583816,0.94550482889969,-0.325608075034034
2.056,-1.65309547169811,5.93830576439245,8.63264513961136,5.98156856838158,3.4907,6.9813,4.26985689960668,1.4529076044206,0.941116184008082,-0.338083315468341
2.064,-1.65309547169811,5.92508100061887,8.62909056949786,5.99146335853523,3.4907,6.9813,4.28005043371987,1.46376646328154,0.936562945586808,-0.35049942789363
2.072,-1.65309547169811,5.91185623684528,8.62540545776892,6.00131027645008,3.4907,6.9813,4.29114908463925,1.47513073517702,0.931845909960057,-0.362854240833305
2.08,-1.65309547169811,5.8986314730717,8.62159044892047,6.01110759998065,3.4907,6.9813,4.30317058155839,1.48701214139438,0.926965902098812,-0.375145593531547
2.088,-1.65309547169811,5.88540670929811,8.61764621016639,6.02085361565514,3.4907,6.9813,4.31613381734074,1.49942308312749,0.921923775476567,-0.387371336331216
2.096,-1.65309547169811,5.87218194552453,8.61357343132179,6.03054661897504,3.4907,6.9813,4.33005890281309,1.51237667521152,0.916720411920066,-0.399529331049806
2.104,-1.65309547169811,5.85895718175094,8.60937282468242,6.04018491471328,3.4907,6.9813,4.34496722530832,1.52588678239768,0.91135672145507,-0.411617451353398
2.112,-1.65309547169811,5.84573241797736,8.60504512490005,6.04976681721071,3.4907,6.9813,4.36088151178131,1.53996805836591,0.905833642147209,-0.423633583128536
2.12,-1.65309547169811,5.83250765420377,8.60059108885399,6.05929065067087,3.4907,6.9813,4.37782589685439,1.55463598769261,0.90015213993792,-0.435575624851969
2.128,-1.65309547169811,5.81928289043019,8.59601149551877,6.06875474945314,3.4907,6.9813,4.39582599618344,1.56990693101194,0.894313208475508,-0.447441487958194
2.136,-1.65309547169811,5.8060581266566,8.59130714582782,6.07815745836397,3.4907,6.9813,4.41490898557493,1.58579817363232,0.88831786894137,-0.45922909720472
2.144,-1.65309547169811,5.79283336288302,8.58647886253347,6.08749713294642,3.4907,6.9813,4.43510368632733,1.60232797789629,0.882167169871396,-0.470936391035022
2.152,-1.65309547169811,5.77960859910943,8.581527490063,6.09677213976773,3.4907,6.9813,4.45644065731819,1.61951563960072,0.875862186972589,-0.482561321939081
2.16,-1.65309547169811,5.76638383533585,8.576453894371,6.10598085670499,3.4907,6.9813,4.4789522944115,1.63738154882628,0.869404022934933,-0.494101856811483
2.168,-1.65309547169811,5.75315907156226,8.5712589627879,6.11512167322888,3.4907,6.9813,4.50267293781937,1.65594725556148,0.86279380723854,-0.505555977306988
2.176,-1.65309547169811,5.73993430778868,8.56594360386476,6.12419299068528,3.4907,6.9813,4.52763898811805,1.67523554054617,0.856032695956118,-0.516921680193528
2.184,-1.65309547169811,5.72670954401509,8.56050874721443,6.1331932225749,3.4907,6.9813,4.55388903169228,1.69527049180418,0.849121871550776,-0.528196977702549
2.192,-1.65309547169811,5.71348478024151,8.55495534334893,6.14212079483073,3.4907,6.9813,4.58146397646462,1.71607758738498,0.842062542669227,-0.539379897876659
2.2,-1.65309547169811,5.70026001646792,8.5492843635132,6.15097414609335,3.4907,6.9813,4.61040719885863,1.73768378488988,0.834855943930403,-0.550468484914509
2.208,-1.65309547169811,5.68703525269434,8.54349679951528,6.15975172798397,3.4907,6.9813,4.64076470304892,1.76011761842127,0.82750333570953,-0.561460799512843
2.216,-1.65309547169811,5.67381048892075,8.53759366355281,6.16845200537525,3.4907,6.9813,4.67258529366732,1.78340930366403,0.820006003917699,-0.572354919205668
2.224,-1.65309547169811,5.66058572514717,8.53157598803604,6.17707345665977,3.4907,6.9813,4.70592076326576,1.80759085188737,0.812365259776971,-0.583148938700478
2.232,-1.65309547169811,5.64736096137358,8.52544482540722,6.18561457401615,3.4907,6.9813,4.74082609598412,1.83269619374523,0.804582439591057,-0.593840970211473
2.24,-1.65309547169811,5.6341361976,8.51920124795661,6.19407386367278,3.4907,6.9813,4.77735968903839,1.8587613138539,0.796658904511603,-0.604429143789719
2.248,-1.65309547169811,5.62091143382641,8.51284634763487,6.20244984616902,3.4907,6.9813,4.81558359383293,1.88582439724034,0.788596040300144,-0.614911607650184
2.256,-1.65309547169811,5.60768667005283,8.50638123586213,6.21074105661398,3.4907,6.9813,4.8555637787144,1.91392598888357,0.780395257085738,-0.625286528495604
2.264,-1.65309547169811,5.59446190627924,8.49980704333362,6.21894604494271,3.4907,6.9813,4.89737041562777,1.94310916771875,0.772057989118354,-0.635552091837108
2.272,-1.65309547169811,5.58123714250566,8.49312491982188,6.2270633761698,3.4907,6.9813,4.9410781932101,1.97341973664038,0.763585694518024,-0.645706502311558
2.28,-1.65309547169811,5.56801237873207,8.48633603397571,6.23509163064037,3.4907,6.9813,4.98676665917225,2.0049064302312,0.754979855019839,-0.655747983995546
2.288,-1.65309547169811,5.55478761495849,8.47944157311575,6.2430294042783,3.4907,6.9813,5.03452059517696,2.03762114216071,0.746241975714798,-0.665674780715986
2.296,-1.65309547169811,5.5415628511849,8.47244274302688,6.25087530883187,3.4907,6.9813,5.08443042783155,2.07161917444498,0.737373584786584,-0.675485156357253
2.304,-1.65309547169811,5.52833808741132,8.46534076774727,6.25862797211647,3.4907,6.9813,5.13659267988316,2.10695951104434,0.728376233244298,-0.68517739516482
2.312,-1.65309547169811,5.51511332363773,8.45813688935438,6.26628603825467,3.4907,6.9813,5.19111046624382,2.1437051186016,0.719251494651196,-0.694749802045326
2.32,-1.65309547169811,5.50188855986415,8.45083236774765,6.27384816791326,3.4907,6.9813,5.24809404009278,2.1819232774997,0.710000964849491,-0.704200702863035
2.328,-1.65309547169811,5.48866379609056,8.44342848042823,6.28131303853758,3.4907,6.9813,5.30766139501954,2.2216859468507,0.700626261681248,-0.713528444732626
2.336,-1.65309547169811,5.47543903231698,8.4359265222755,6.28867934458276,3.4907,6.9813,5.36993892999794,2.26307016752931,0.691129024705439,-0.722731396308275
2.344,-1.65309547169811,5.46221426854339,8.42832780532063,6.29594579774206,3.4907,6.9813,5.43506218494031,2.30615850794431,0.6815109149112,-0.731807948068958
2.352,-1.65309547169811,5.44898950476981,8.42063365851712,6.30311112717221,3.4907,6.9813,5.50317665569415,2.35103955791601,0.671773614427334,-0.740756512599948
2.36,-1.65309547169811,5.43576474099623,8.41284542750837,6.31017407971566,3.4907,6.9813,5.57443869863993,2.39780847681259,0.661918826228119,-0.749575524870436
2.368,-1.65309547169811,5.42253997722264,8.40496447439235,6.31713342011971,3.4907,6.9813,5.64901653656295,2.44656760301534,0.651948273835478,-0.758263442507246
2.376,-1.65309547169811,5.40931521344906,8.39699217748333,6.32398793125261,3.4907,6.9813,5.72709137924425,2.49742713285613,0.641863701017545,-0.766818746064583
2.384,-1.65309547169811,5.39609044967547,8.38892993107091,6.33073641431637,3.4907,6.9813,5.80885867429627,2.55050587843072,0.631666871483691,-0.77523993928977
2.392,-1.65309547169811,5.38286568590189,8.38077914517609,6.33737768905646,3.4907,6.9813,5.89452950621958,2.60593211517539,0.621359568576073,-0.78352554938493
2.4,-1.65309547169811,5.3696409221283,8.37254124530472,6.3439105939682,3.4907,6.9813,5.98433216455066,2.66384453184727,0.610943594957738,-0.791674127264568
2.408,-1.65309547169811,5.35641615835472,8.36421767219816,6.3503339864999,3.4907,6.9813,6.07851390539942,2.72439329762519,0.600420772297349,-0.799684247809005
2.416,-1.65309547169811,5.34319139458113,8.35580988158133,6.35664674325271,3.4907,6.9813,6.17734293475117,2.7877412635164,0.589792940950598,-0.807554510113617
2.424,-1.65309547169811,5.32996663080755,8.3473193439081,6.36284776017706,3.4907,6.9813,6.28111064676846,2.85406531819862,0.579061959638334,-0.815283537733845
2.432,-1.65309547169811,5.31674186703396,8.33874754410412,6.36893595276575,3.4907,6.9813,6.39013415614709,2.9235579219511,0.568229705121493,-0.822869978925918
2.44,-1.65309547169811,5.30351710326038,8.33009598130713,6.37491025624368,3.4907,6.9813,6.50475917057053,2.99642884656131,0.55729807187287,-0.830312506883271
2.448,-1.65309547169811,5.29029233948679,8.32136616860476,6.38076962575396,3.4907,6.9813,6.62536325773655,3.07290715420026,0.546268971745783,-0.837609819968585
2.456,-1.65309547169811,5.27706757571321,8.31255963276991,6.38651303654077,3.4907,6.9813,6.75235957163662,3.15324345444,0.535144333639714,-0.844760641941436
2.464,-1.65309547169811,5.26384281193962,8.30367791399373,6.3921394841285,3.4907,6.9813,6.88620111517778,3.23771248610352,0.523926103162957,-0.851763722181497
2.472,-1.65309547169811,5.25061804816604,8.29472256561625,6.39764798449743,3.4907,6.9813,7.02738563139043,3.3266160798144,0.512616242292344,-0.858617835907266
2.48,-1.65309547169811,5.23739328439245,8.28569515385472,6.40303757425587,3.4907,6.9813,7.1764612340543,3.42028656837245,0.501216729030116,-0.865321784390264
2.488,-1.65309547169811,5.22416852061887,8.27659725752968,6.40830731080862,3.4907,6.9813,7.33403291148734,3.51909072595809,0.489729557057985,-0.871874395164688
2.496,-1.65309547169811,5.21094375684528,8.26743046778885,6.41345627252182,3.4907,6.9813,7.50077006562394,3.62343433435819,0.478156735388454,-0.87827452223246
2.504,-1.65309547169811,5.1977189930717,8.25819638782885,6.41848355888414,3.4907,6.9813,7.67741528385194,3.73376749581107,0.466500288013459,-0.88452104626366
2.512,-1.65309547169811,5.18449422929811,8.24889663261479,6.42338829066428,3.4907,6.9813,7.86479458533037,3.85059083887047,0.454762253550387,-0.890612874792282
2.52,-1.65309547169811,5.17126946552453,8.23953282859786,6.42816961006473,3.4907,6.9813,8.06382943924079,3.97446279744173,0.442944684885542,-0.8965489424073
2.528,-1.65309547169811,5.15804470175094,8.23010661343087,6.43282668087182,3.4907,6.9813,8.27555092304058,3.95329911653327,0.431049648815108,-0.902328210938998
2.536,-1.65309547169811,5.14481993797736,8.22061963568182,6.4373586886019,3.4907,6.9813,8.50111647883764,3.92383127669243,0.419079225683686,-0.907949669640538
2.544,-1.65309547169811,5.13159517420377,8.21107355454558,6.44176484064386,3.4907,6.9813,8.74182984162516,3.89554095296436,0.407035509020459,-0.913412335364733
2.552,-1.65309547169811,5.11837041043019,8.20147003955374,6.44604436639773,3.4907,6.9813,8.92710773564417,3.86839733314362,0.394920605173048,-0.91871525273599
2.56,-1.65309547169811,5.1051456466566,8.19181077028258,6.45019651740941,3.4907,6.9813,8.86696359630141,3.84237125793238,0.382736632939131,-0.923857494317396
2.568,-1.65309547169811,5.09192088288302,8.18209743605937,6.45422056750163,3.4907,6.9813,8.80895917244694,3.81743513805225,0.370485723195883,-0.928838160772921
2.576,-1.65309547169811,5.07869611910943,8.17233173566688,6.45811581290091,3.4907,6.9813,8.75304009243484,3.79356287718165,0.358170018527303,-0.933656381024706
2.584,-1.65309547169811,5.06547135533585,8.1625153770463,6.46188157236066,3.4907,6.9813,8.69915482114494,3.77072980029327,0.345791672849491,-0.938311312405403
2.592,-1.65309547169811,5.05224659156226,8.15265007699853,6.46551718728033,3.4907,6.9813,8.64725452366145,3.74891258700337,0.33335285103395,-0.942802140805555
2.6,-1.65309547169811,5.03902182778868,8.14273756088394,6.46902202182059,3.4907,6.9813,8.59729293832022,3.72808920957912,0.320855728528963,-0.947128080815973
2.608,-1.65309547169811,5.02579706401509,8.13277956232059,6.4723954630145,3.4907,6.9813,8.54922625846724,3.70823887528059,0.308302490979128,-0.951288375865103
2.616,-1.65309547169811,5.01257230024151,8.12277782288104,6.47563692087477,3.4907,6.9813,8.50301302232821,3.6893419727422,0.295695333843106,-0.955282298351338
2.624,-1.65309547169811,4.99934753646792,8.11273409178779,6.47874582849692,3.4907,6.9813,8.45861401043975,3.67138002212416,0.283036462009653,-0.959109149770274
2.632,-1.65309547169811,4.98612277269434,8.10265012560733,6.48172164215841,3.4907,6.9813,8.41599215014029,3.65433562878712,0.270328089412004,-0.962768260836872
2.64,-1.65309547169811,4.97289800892075,8.09252768794294,6.48456384141374,3.4907,6.9813,8.37511242666083,3.63819244026493,0.25757243864067,-0.966258991602509
2.648,-1.65309547169811,4.95967324514717,8.08236854912624,6.48727192918549,3.4907,6.9813,8.33594180039515,3.62293510632964,0.244771740554731,-0.969580731566901
2.656,-1.65309547169811,4.94644848137358,8.07217448590759,6.48984543185125,3.4907,6.9813,8.29844912996445,3.6085492419605,0.231928233891673,-0.972732899784874
2.664,-1.65309547169811,4.9332237176,8.06194728114533,6.49228389932643,3.4907,6.9813,8.26260510072439,3.59502139304501,0.219044164875854,-0.975714944967965
2.672,-1.65309547169811,4.91999895382641,8.05168872349401,6.49458690514299,3.4907,6.9813,8.22838215839208,3.58233900465525,0.206121786825653,-0.978526345580843
2.68,-1.65309547169811,4.90677419005283,8.04140060709153,6.49675404652403,3.4907,6.9813,8.19575444749859,3.57049039175612,0.193163359759389,-0.981166609932515
2.688,-1.65309547169811,4.89354942627924,8.03108473124536,6.49878494445424,3.4907,6.9813,8.16469775439771,3.55946471221517,0.180171150000058,-0.983635276262323
2.696,-1.65309547169811,4.88032466250566,8.02074290011788,6.50067924374618,3.4907,6.9813,8.13518945458511,3.54925194199511,0.167147429778972,-0.9859319128207
2.704,-1.65309547169811,4.86709989873207,8.01037692241086,6.50243661310236,3.4907,6.9813,8.10720846410402,3.53984285242133,0.154094476838367,-0.988056117944679
2.712,-1.65309547169811,4.85387513495849,7.99998861104908,6.50405674517326,3.4907,6.9813,8.08073519483324,3.5312289894265,0.141014574033041,-0.990007520128145
2.72,-1.65309547169811,4.8406503711849,7.98957978286329,6.50553935661101,3.4907,6.9813,8.05575151347253,3.52340265468412,0.127910008931105,-0.991785778086803
2.728,-1.65309547169811,4.82742560741132,7.97915225827249,6.50688418811899,3.4907,6.9813,8.0322407040574,3.51635688855143,0.114783073413904,-0.993390580817867
2.736,-1.65309547169811,4.81420084363773,7.96870786096552,6.50809100449716,3.4907,6.9813,8.01018743385187,3.51008545475052,0.101636063275184,-0.994821647654454
2.744,-1.65309547169811,4.80097607986415,7.95824841758211,6.50915959468319,3.4907,6.9813,7.98957772248302,3.50458282672413,0.0884712778195787,-0.99607872831467
2.752,-1.65309547169811,4.78775131609056,7.94777575739342,6.51008977178941,3.4907,6.9813,7.97039891419561,3.49984417561027,0.0752910194604812,-0.997161602945381
2.76,-1.65309547169811,4.77452655231698,7.93729171198215,6.51088137313542,3.4907,6.9813,7.95263965311853,3.49586535978636,0.0620975933173674,-0.998070082160662
2.768,-1.65309547169811,4.76130178854339,7.92679811492217,6.51153426027663,3.4907,6.9813,7.93628986144781,3.49264291594066,0.0488933068126515,-0.998804007074924
2.776,-1.65309547169811,4.74807702476981,7.91629680145783,6.51204831902841,3.4907,6.9813,7.92134072046337,3.49017405163496,0.035680469268136,-0.999363249330695
2.784,-1.65309547169811,4.73485226099622,7.90578960818305,6.51242345948608,3.4907,6.9813,7.90778465430825,3.48845663932863,0.0224613915011308,-0.999747711121077
2.792,-1.65309547169811,4.72162749722264,7.89527837272007,6.51265961604065,3.4907,6.9813,7.89561531647054,3.4874892118401,0.00923838542030919,-0.999957325206844
2.8,-1.65309547169811,4.70840273344905,7.88476493339806,6.51275674739026,3.4907,6.9813,7.88482757891927,3.48727095922789,-0.00398623637862521,-0.999992054928205
2.808,-1.65309547169811,4.69517796967547,7.87425112893166,6.51271483654743,3.4907,6.9813,7.87541752385604,3.48780172707848,-0.017210161017393,-0.999851894211215
2.816,-1.65309547169811,4.68195320590188,7.86373879809933,6.51253389084203,3.4907,6.9813,7.86738243805474,3.48908201619465,-0.0304310757396424,-0.99953686756884
2.824,-1.65309547169811,4.6687284421283,7.85322977942184,6.51221394191998,3.4907,6.9813,7.86072080977209,3.49111298368261,-0.0436466683154313,-0.999047030096663
2.832,-1.65309547169811,4.65550367835471,7.84272591084067,6.51175504573774,3.4907,6.9813,7.85543232822176,3.49389644544277,-0.0568546274456178,-0.998382467463256
2.84,-1.65309547169811,4.64227891458113,7.8322290293966,6.5111572825525,3.4907,6.9813,7.85151788561516,3.49743488007367,-0.0700526431660869,-0.997543295895193
2.848,-1.65309547169811,4.62905415080754,7.82174097090841,6.51042075690815,3.4907,6.9813,7.84897958178218,3.50173143420497,-0.0832384072517451,-0.996529662156723
2.856,-1.65309547169811,4.61582938703396,7.81126356965182,6.509545597617,3.4907,6.9813,7.84782073139551,3.50678992928068,-0.0964096136202093,-0.995341743524103
2.864,-1.65309547169811,4.60260462326037,7.80079865803868,6.50853195773728,3.4907,6.9813,7.84804587383266,3.51261486982,-0.109563958735122,-0.993979747754595
2.872,-1.65309547169811,4.58937985948679,7.79034806629652,6.5073800145463,3.4907,6.9813,7.84966078572042,3.51921145318898,-0.122699142009023,-0.992443913050128
2.88,-1.65309547169811,4.5761550957132,7.77991362214843,6.50608996950952,3.4907,6.9813,7.85267249621794,3.52658558092268,-0.135812866205698,-0.99073450801564
2.888,-1.65309547169811,4.56293033193962,7.76949715049342,6.50466204824527,3.4907,6.9813,7.85708930510547,3.5347438716439,-0.148902837841953,-0.988851831612104
2.896,-1.65309547169811,4.54970556816603,7.75910047308725,6.50309650048532,3.4907,6.9813,7.86292080375835,3.54369367563158,-0.161966767588722,-0.986796213104236
2.904,-1.65309547169811,4.53648080439245,7.74872540822385,6.50139360003117,3.4907,6.9813,7.87017789909765,3.55344309109899,-0.175002370671451,-0.984568012002915
2.912,-1.65309547169811,4.52325604061886,7.73837377041727,6.4995536447062,3.4907,6.9813,7.87887284062252,3.56400098224944,-0.188007367269691,-0.982167618002304
2.92,-1.65309547169811,4.51003127684528,7.72804737008437,6.49757695630355,3.4907,6.9813,7.88901925064267,3.57537699918552,-0.200979482915814,-0.979595450911697
2.928,-1.65309547169811,4.49680651307169,7.71774801322817,6.49546388052987,3.4907,6.9813,7.90063215784428,3.58758159975622,-0.213916448892804,-0.9768519605821
2.936,-1.65309547169811,4.48358174929811,7.70747750112203,6.49321478694486,3.4907,6.9813,7.91372803433824,3.60062607343548,-0.226816002631034,-0.973937626827549
2.944,-1.65309547169811,4.47035698552452,7.69723762999458,6.49083006889659,3.4907,6.9813,7.928324836356,3.61452256733569,-0.239675888103972,-0.970852959341203
2.952,-1.65309547169811,4.45713222175094,7.6870301907156,6.48831014345276,3.4907,6.9813,7.94444204877646,3.62928411447003,-0.252493856222741,-0.967598497606197
2.96,-1.65309547169811,4.44390745797735,7.6768569684828,6.48565545132775,3.4907,6.9813,7.96210073368628,3.64492466438903,-0.265267665229467,-0.964174810801292
2.968,-1.65309547169811,4.43068269420377,7.66671974250961,6.4828664568055,3.4907,6.9813,7.98132358319668,3.66145911632887,-0.277995081089344,-0.960582497701332
2.976,-1.65309547169811,4.41745793043018,7.65662028571402,6.47994364765838,3.4907,6.9813,8.00213497676217,3.67890335502251,-0.290673877881348,-0.95682218657252
2.984,-1.65309547169811,4.4042331666566,7.64656036440848,6.47688753506181,3.4907,6.9813,8.02456104327074,3.6972742893388,-0.303301838187533,-0.952894535062545
2.992,-1.65309547169811,4.39100840288301,7.63654173799102,6.47369865350491,3.479,6.9813,8.04862972820148,3.71658989393069,-0.315876753480839,-0.948800230085557
3,-1.65863641509434,4.37773931156226,7.62657730400407,6.47038127123806,3.4673,6.9813,8.07450711612176,3.73692292184884,-0.32843829332955,-0.944525429766066
3.008,-1.66417735849057,4.36442589269434,7.61666885972499,6.46693582400497,3.3338,6.9813,8.10224260818474,3.75830217006856,-0.34098367759317,-0.940069216395813
3.016,-1.72740094339623,4.35060668514717,7.60693316411905,6.46340447414929,3.1941,6.9813,8.13343061732118,3.78137334855451,-0.353941717330789,-0.935267480848624
3.024,-1.79356075471698,4.33625819910943,7.59737837651153,6.45978856960456,3.0545,6.9813,8.16840851123619,3.80629892924931,-0.367324495287013,-0.930092852978745
3.032,-1.85967320754717,4.32138081344905,7.58800681375419,6.45608742885408,2.9322,6.9813,8.20746262166242,3.8332240173265,-0.381120684485977,-0.924525296493795
3.04,-1.91759264150943,4.30604007231698,7.57880487110129,6.45229407598881,2.9148,6.9813,8.25065517709565,3.86220502395682,-0.395258186164447,-0.918570066064637
3.048,-1.92583301886792,4.29063340816603,7.56967824882558,6.44836691539456,2.7751,6.9813,8.29670452205758,3.89274805416029,-0.409362817447341,-0.91237168067163
3.056,-1.99199283018868,4.27469746552452,7.56074117990802,6.44435703237285,2.6355,6.9813,8.34765337289441,3.92570970295827,-0.423849726214009,-0.905732526515588
3.064,-2.05810528301887,4.25823262326037,7.55199609035278,6.44026465001361,2.4957,6.9813,8.40388573696622,3.96128504003603,-0.438704345988848,-0.898631457723631
3.072,-2.12431245283019,4.24123812363773,7.54344569470663,6.43609041852232,2.3736,6.9813,8.46582728724504,3.9996898241502,-0.453912052615013,-0.891046490645031
3.08,-2.18213716981132,4.22378102627924,7.53507670128804,6.43182713145387,2.3561,6.9813,8.53362001679231,4.0410247461974,-0.46939718474697,-0.882987136345495
3.088,-2.19042490566038,4.20625762703396,7.52679891798478,6.42742665038392,2.2163,6.9813,8.60572875970358,4.08468428025618,-0.484797262059705,-0.87462655727997
3.096,-2.2566320754717,4.18820457043018,7.51872227490065,6.42294984320121,2.0766,6.9813,8.68481062264729,4.13181948523545,-0.500507088458916,-0.865732438113751
3.104,-2.32279188679245,4.16962223533585,7.51084919017805,6.41839816587204,1.937,6.9813,8.77145747019245,4.18273185464825,-0.516507082050113,-0.856282917143673
3.112,-2.38890433962264,4.15051100061886,7.50318205588633,6.41377337530175,1.8151,6.9813,8.86632593263596,4.23775591289656,-0.532776388245001,-0.846256060615587
3.12,-2.44663433962264,4.13093792590188,7.49570827304748,6.4090681150233,1.7973,6.9813,8.96973584777088,4.29708698394736,-0.5492371122955,-0.835666556993458
3.128,-2.4550641509434,4.11129741269434,7.48834294668051,6.40422729597765,1.6575,6.9813,9.0798744345385,4.35999858448482,-0.565543046515688,-0.82471877784961
3.136,-2.52127132075472,4.0911272421283,7.48118986778011,6.39932214025433,1.5178,6.9813,9.20031811841127,4.42808996123103,-0.58206159935055,-0.813144694726271
3.144,-2.58743113207547,4.07042779307169,7.47425122571286,6.39435535251633,1.3782,6.9813,9.33204713633149,4.5018617639481,-0.598767351895355,-0.800923003979923
3.152,-2.65354358490566,4.04919944439245,7.46752912859769,6.38932993525545,1.2566,6.9813,9.47616707366546,4.58187871679947,-0.615633437698069,-0.788032658198921
3.16,-2.71113150943396,4.02751039231698,7.46101142742577,6.38423812245225,1.2385,6.9813,9.63337811952275,4.66853612213148,-0.632578983140639,-0.774495855436784
3.168,-2.71970339622641,4.00575276514717,7.45461976158912,6.37901765103573,1.0987,6.9813,9.80161423190576,4.76100368096064,-0.649279121947649,-0.760550209915749
3.176,-2.78591056603774,3.98346548061886,7.44844993491022,6.37375049102917,0.95911,6.9813,9.56923228006367,4.86162904315495,-0.666067068338189,-0.745891855750799
3.184,-2.85201828301887,3.96064933435471,7.44250355701129,6.36844049003663,0.81948,6.9813,9.32543794080764,4.97132074647732,-0.682910607572504,-0.730501952129461
3.192,-2.91814494339623,3.93730417480754,7.43678227805309,6.36309194568565,0.69813,6.9813,9.09303255162235,5.0911297410927,-0.699776659718476,-0.714361691661341
3.2,-2.97561447169811,3.91349925903396,7.43127444388487,6.35769656426822,0.67984,6.9813,8.87225130611084,5.22191985951726,-0.716582110325178,-0.697502744913534
3.208,-2.98427633962264,3.88962504831698,7.42590940304099,6.35218476905604,0.54011,6.9813,8.66567055630861,5.36287446099083,-0.733028647671317,-0.680197766604067
3.216,-3.05045035849057,3.86522144544905,7.42077289257214,6.34664930641916,0.40047,6.9813,8.46888368108211,5.51775253334924,-0.749408014730014,-0.662108471066803
3.224,-3.11658175471698,3.84028879141132,7.41586580999388,6.34109522098786,0.26084,6.9813,8.28163558196096,5.68841982274619,-0.765681507986179,-0.643219891116569
3.232,-3.18270841509434,3.81482712409056,7.41118888833762,6.33552786762091,0.13963,6.9813,8.10367723989502,5.87709133666295,-0.78180900843763,-0.623517982359587
3.24,-3.24011164150943,3.78890623095849,7.40673110031987,6.32993839156957,0.1212,6.9813,7.93517004276627,6.08587736286693,-0.797706710436528,-0.603045607002101
3.248,-3.24883981132075,3.76291551246792,7.40243083637044,6.32425001681105,-0.018431,6.9813,7.77786139979984,6.31451407098271,-0.813109117240608,-0.582111298172609
3.256,-3.31496694528302,3.73639577690566,7.39836145899899,6.31856579825593,-0.1581,6.9813,7.62873336170548,6.56993387906033,-0.828258833894197,-0.560345700506594
3.264,-3.3811120754717,3.70934688030188,7.39452281481216,6.3128918170778,-0.29777,6.9813,7.48761876724694,6.85667494185148,-0.843110742322014,-0.537739970786274
3.272,-3.44725767924528,3.68176881886792,7.39091443758031,6.30723432131441,-0.41888,6.9813,7.35436245692408,7.18035861051701,-0.857618095145174,-0.514287082162836
3.28,-3.50461354716981,3.65373191049056,7.38752596987525,6.30158375897391,-0.43745,6.9813,7.22908908220372,7.54712359002609,-0.871698174876126,-0.490043153117796
3.288,-3.51340801886792,3.62562464633962,7.38430637391216,6.29585667982384,-0.57708,6.9813,7.11295104418177,7.95987801879505,-0.88512582762308,-0.465351769390165
3.296,-3.57953467924528,3.59698836890566,7.38131423794317,6.29016546513395,-0.71681,6.9813,7.00395960938811,8.21892954538588,-0.898087055885161,-0.439817735035235
3.304,-3.64570869811321,3.56782269932075,7.378547983205,6.28451690352371,-0.8565,6.9813,6.90203606206294,8.10356707564716,-0.910530870458149,-0.413441088841838
3.312,-3.71186377358491,3.53812778913207,7.37600561024814,6.27891777677042,-0.97738,6.9813,6.80711782511317,7.99649574221375,-0.922404744281921,-0.386224659655756
3.32,-3.76911071698113,3.50797490339622,7.37367747284171,6.27335758030096,-0.99623,6.9813,6.71932253913245,7.89786276413428,-0.933629475853519,-0.358240145457602
3.328,-3.77803779245283,3.4777506010566,7.37152480412494,6.26774739118285,-1.1359,6.9813,6.63935909775558,7.80857893881418,-0.944028979137707,-0.329862526741397
3.336,-3.84418339622641,3.44699713388679,7.36958891299748,6.26220709128022,-1.2756,6.9813,6.56604827063499,7.72716006228171,-0.953725411871609,-0.300678962932776
3.344,-3.91034320754717,3.41571438822641,7.36786646670283,6.25674365351337,-1.4153,6.9813,6.49941006900383,7.65362753416852,-0.962663316683501,-0.270701567619992
3.352,-3.97650301886792,3.38390236407547,7.36635371487776,6.25136403675663,-1.5359,6.9813,6.43948482722942,7.58802762086004,-0.970786360163887,-0.23994549989477
3.36,-4.03361735849057,3.35163342520754,7.36504188925573,6.24605657143081,-1.555,6.9813,6.38641454201979,7.53054508652216,-0.978022414663895,-0.208499775575428
3.368,-4.04266283018868,3.31929212256603,7.3639059813942,6.24072830023001,-1.6946,6.9813,6.34057361703662,7.48172100077572,-0.984252952045484,-0.176765738732792
3.376,-4.10877528301887,3.28642192030188,7.36296773593352,6.2355040363481,-1.8343,6.9813,6.30147696429272,7.44086946401672,-0.9895305611179,-0.144323486008665
3.384,-4.17493509433962,3.25302243954717,7.3622219316191,6.23039055009484,-1.9739,6.9813,6.26927180539986,7.40816647205103,-0.993798122571183,-0.111199332614868
3.392,-4.24104754716981,3.21909405916981,7.36166288480281,6.225394299997,-2.0944,6.9813,6.2441375211544,7.38382714764094,-0.996998269001299,-0.0774238439268825
3.4,-4.29811452830189,3.18470914294339,7.36128300876959,6.22050258023285,-2.1137,6.9813,6.22628911798231,7.36813074196564,-0.999070628163933,-0.0431031314422116
3.408,-4.30725471698113,3.15025110520754,7.36107236073178,6.21562005173844,-2.2533,6.9813,6.21585304775637,7.36134829467456,-0.999962515841971,-0.00865834343255742
3.416,-4.37336716981132,3.11526416784905,7.36103126033743,6.21087331767244,-2.3931,6.9813,6.21302659462989,7.36358329097551,-0.999653425440138,0.0263254440760054
3.424,-4.43957433962264,3.07974757313207,7.36115252988555,6.20626836138645,-2.5328,6.9813,6.21815621699644,7.37525251933217,-0.998088202483962,0.0618056636752138
3.432,-4.5057341509434,3.04370169992452,7.36142857215039,6.20181060603623,-2.6529,6.9813,6.23164457016101,7.3968409073344,-0.995212505496922,0.0977346862814754
3.44,-4.56261169811321,3.00720080633962,7.36185329910576,6.1974856975162,-2.6724,6.9813,6.25387690920287,7.42883914595692,-0.990982999424934,0.13398766678602
3.448,-4.57184660377358,2.97062603350943,7.362432947921,6.19319857068339,-2.8122,6.9813,6.28482649260102,7.47135960731624,-0.98542077143649,0.170134955907104
3.456,-4.6380537735849,2.93352160332075,7.36314509480425,6.18907381967424,-2.9518,6.9813,6.3255074009876,7.52546021404238,-0.978431203591343,0.206572940722632
3.464,-4.70416622641509,2.89588827350943,7.36398081001155,6.18511546078523,-3.0915,6.9813,6.37662967400226,7.5919970855227,-0.96996623247578,0.243239609966677
3.472,-4.77032603773585,2.85772566520754,7.36493074806014,6.18132739423554,-3.2114,6.9813,6.43901958997026,7.67196596151148,-0.95997959128186,0.280069963263311
3.48,-4.82710886792453,2.81910879426415,7.36599080715767,6.17769389106613,-3.2311,6.9813,6.51345499502716,7.76633651039083,-0.948451151621163,0.316923355069472
3.488,-4.83643849056604,2.78041728633962,7.36718408722771,6.17412278203128,-3.3709,6.9813,6.59993666617297,7.8752804406885,-0.935482125711276,0.35337401216659
3.496,-4.90264566037736,2.7411961210566,7.36846501204737,6.17073180750595,-3.4849,6.9813,6.70071475986161,8.00131715393825,-0.920906504552268,0.389783542332566
3.504,-4.95663433962264,2.70154304633962,7.36983330258149,6.16749907057342,-3.4907,6.9813,6.1743271020994,8.14588768531914,-0.904730532421127,0.425984346783991
3.512,-4.95938113207547,2.66186799728302,7.37132619130622,6.16432838596736,-3.4907,6.9813,5.69550350408951,8.30925834633508,-0.887122037137942,0.461534929581964
3.52,-4.95938113207547,2.62219294822641,7.37294366926672,6.1612194114318,-3.4907,6.9813,5.29265268763827,8.4930270230946,-0.868117297780626,0.496359101149626
3.528,-4.95938113207547,2.58251789916981,7.37468319070951,6.15817704019121,-3.4907,6.9813,4.94967317959099,8.69916369406843,-0.847746225966293,0.530402051617362
3.536,-4.95938113207547,2.5428428501132,7.37654201779649,6.15520606064294,-3.4907,6.9813,4.65473829080771,8.9299962781258,-0.826040883786869,0.563610200681825
3.544,-4.95938113207547,2.5031678010566,7.37851722491405,6.15231114882076,-3.4907,6.9813,4.39896822762675,9.18828350346353,-0.80303543334647,0.595931281936137
3.552,-4.95938113207547,2.463492752,7.38060570327771,6.14949686103519,-3.4907,6.9813,4.1755684100051,9.47730758240888,-0.778766082993558,0.627314425132143
3.56,-4.95938113207547,2.42381770294339,7.38280416582501,6.14676762670233,-3.4907,6.9813,3.97925361343936,9.34570771133662,-0.753271030332514,0.657710236245257
3.568,-4.95938113207547,2.38414265388679,7.38510915238905,6.14412774137242,-3.4907,6.9813,3.80585313966251,8.94249481822685,-0.726590402104316,0.687070875215861
3.576,-4.95938113207547,2.34446760483019,7.38751703514446,6.141581359969,-3.4907,6.9813,3.65203394917821,8.58542005057136,-0.69876619103093,0.715350131244921
3.584,-4.95938113207547,2.30479255577358,7.39002402431726,6.13913249024953,-3.4907,6.9813,3.51510261084525,8.26815298142966,-0.669842189722846,0.742503495525309
3.592,-4.95938113207547,2.26511750671698,7.39262617414955,6.13678498649749,-3.4907,6.9813,3.3928611001094,7.98552890805038,-0.639863921753751,0.768488231294344
3.6,-4.95938113207547,2.22544245766038,7.39531938910978,6.1345425434562,-3.4907,6.9813,3.28350012864222,7.73329795076691,-0.608878570010837,0.793263441097318
3.608,-4.95938113207547,2.18576740860377,7.39809943033875,6.13240869051357,-3.4907,6.9813,3.18551910755632,7.50793680848407,-0.576934902433514,0.81679013115612
3.616,-4.95938113207547,2.14609235954717,7.40096192232109,6.13038678614725,-3.4907,6.9813,3.09766532203996,7.30650571118197,-0.544083195257399,0.839031272741666
3.624,-4.95938113207547,2.10641731049057,7.40390235977196,6.12848001263868,-3.4907,6.9813,3.01888717219462,7.12653846624232,-0.510375153884398,0.859951860453524
3.632,-4.95938113207547,2.06674226143396,7.40691611472792,6.12669137106449,-3.4907,6.9813,2.94829785557461,6.96595707283938,-0.475863831503416,0.879518967315025
3.64,-4.95938113207547,2.02706721237736,7.40999844383086,6.12502367657308,-3.4907,6.9813,2.88514690066002,6.82300481049596,-0.440603545589781,0.897701796597129
3.648,-4.95938113207547,1.98739216332075,7.41314449579362,6.1234795539539,-3.4907,6.9813,2.82879767468313,6.69619338808364,-0.404649792414803,0.914471730289492
3.656,-4.95938113207547,1.94771711426415,7.41634931903546,6.12206143350623,-3.4907,6.9813,2.77870949011876,6.58426091797481,-0.368059159700026,0.929802374142436
3.664,-4.95938113207547,1.90804206520755,7.41960786947531,6.12077154721417,-3.4907,6.9813,2.73442329040564,6.48613831826846,-0.330889237553642,0.943669599208944
3.672,-4.95938113207547,1.86836701615094,7.42291501847072,6.11961192523368,-3.4907,6.9813,2.6955501522324,6.40092235021216,-0.293198527829238,0.956051579821281
3.68,-4.95938113207547,1.82869196709434,7.42626556088982,6.11858439269731,-3.4907,6.9813,2.66176202915246,6.32785393907121,-0.255046352049561,0.966928827942477
3.688,-4.95938113207547,1.78901691803774,7.4296542233037,6.11769056684166,-3.4907,6.9813,2.63278429983234,6.26630075285636,-0.216492758040181,0.976284223838609
3.696,-4.95938113207547,1.74934186898113,7.43307567228628,6.11693185446196,-3.4907,6.9813,2.60838978795043,6.21574325760441,-0.177598425420044,0.984103043023606
3.704,-4.95938113207547,1.70966681992453,7.43652452280859,6.11630944969794,-3.4907,6.9813,2.58839399945669,6.17576365339901,-0.138424570097633,0.990372979434155
3.712,-4.95938113207547,1.66999177086792,7.43999534671429,6.11582433215434,-3.4907,6.9813,2.57265138351862,6.14603723836189,-0.0990328479230629,0.995084164798258
3.72,-4.95938113207547,1.63031672181132,7.44348268126308,6.11547726535914,-3.4907,6.9813,2.56105247100189,6.12632586019089,-0.0594852576477484,0.998229184166933
3.728,-4.95938113207547,1.59064167275472,7.44698103772849,6.11526879556183,-3.4907,6.9813,2.5535217824134,6.11647320507423,-0.0198440433443839,0.999803087584623
3.736,-4.95938113207547,1.55096662369811,7.45048491003664,6.11519925087366,-3.4907,6.9813,2.55001642859938,6.11640174842448,0.019828403559194,0.99980339787995
3.744,-4.95938113207547,1.51129157464151,7.45398878343225,6.11526874075123,-3.4907,6.9813,2.55052535424501,6.12611125583896,0.059469642478064,0.998230114564538
3.752,-4.95938113207547,1.47161652558491,7.4574871431583,6.1154771558242,-3.4907,6.9813,2.55506919805542,6.14567878003492,0.0990172819456471,0.995085713833786
3.76,-4.95938113207547,1.4319414765283,7.46097448313578,6.11582416806746,-3.4907,6.9813,2.56370076584599,6.17526015367432,0.138409077811825,0.990375144669574
3.768,-4.95938113207547,1.3922664274717,7.46444531462968,6.11630923131738,-3.4907,6.9813,2.57650613494217,6.21509303215484,0.1775830312092,0.984105821051045
3.776,-4.95938113207547,1.35259137841509,7.46789417488776,6.11693158213143,-3.4907,6.9813,2.5936064315834,6.26550159777325,0.216477486133295,0.976287610285724
3.784,-4.95938113207547,1.31291632935849,7.47131563573835,6.11769024098978,-3.4907,6.9813,2.61516034883749,6.32690310060821,0.255031226483135,0.966932817479326
3.792,-4.95938113207547,1.27324128030189,7.47470431213381,6.11858401383694,-3.4907,6.9813,2.64136750248262,6.39981648605062,0.293183572409447,0.956056166168722
3.8,-4.95938113207547,1.23356623124528,7.47805487062606,6.1196114939611,-3.4907,6.9813,2.67247275840032,6.48487344911602,0.330874475818866,0.94367477514851
3.808,-4.95938113207547,1.19389118218868,7.48136203776087,6.12077106420818,-3.4907,6.9813,2.70877170981602,6.58283236795487,0.368044614883805,0.929808131527699
3.816,-4.95938113207547,1.15421613313208,7.48462060837784,6.12206089952702,-3.4907,6.9813,2.750617539649,6.21640827335046,0.404635487409267,0.914478060058887
3.824,-4.95938113207547,1.11454108407547,7.48782545380274,6.1234789698419,-3.4907,6.9813,2.79842957695815,5.70184838632567,0.440589502909622,0.897708688788213
3.832,-4.95938113207547,1.07486603501887,7.49097152991962,6.12502304324763,-3.4907,6.9813,2.8527039534822,5.27272897730503,0.475850073250452,0.879526411080156
3.84,-4.95938113207547,1.03519098596226,7.4940538851097,6.12669068952238,-3.4907,6.9813,2.9140268957327,4.91013747011246,0.510361701712784,0.859959844076938
3.848,-4.95938113207547,0.99551593690566,7.49706766804476,6.12847928395261,-3.4907,6.9813,2.9830913631334,4.60038599512225,0.544070070339549,0.839039783657914
3.856,-4.95938113207547,0.955840887849056,7.50000813532268,6.13038601146408,-3.4907,6.9813,3.06071798238932,4.33332637889033,0.576922125426776,0.816799155969845
3.864,-4.95938113207547,0.916165838792452,7.50287065893304,6.13240787105258,-3.4907,6.9813,3.14788156074949,4.10127791773356,0.608866161024981,0.793272965604338
3.872,-4.95938113207547,0.876490789735848,7.50565073354123,6.13454168050714,-3.4907,6.9813,3.24574492821595,3.89832282316261,0.639851900319318,0.768498240504009
3.88,-4.95938113207547,0.836815740679245,7.50834398357937,6.13678408141857,-3.4907,6.9813,3.35570252510927,3.71983022320513,0.669830574760408,0.742513973684093
3.888,-4.95938113207547,0.797140691622641,7.51094617013302,6.13913154446525,-3.4907,6.9813,3.47943711584048,3.56212667807939,0.698755000821312,0.715361061861218
3.896,-4.95938113207547,0.757465642566037,7.51345319761284,6.14158037496794,-3.4907,6.9813,3.61899442846485,3.42226318588599,0.726579654259822,0.68708224108594
3.904,-4.95938113207547,0.717790593509433,7.51586112020066,6.14412671870486,-3.4907,6.9813,3.776882643768,3.29784726861612,0.753260741769211,0.657722019480342
3.912,-4.95938113207547,0.67811554445283,7.51816614805978,6.14676656797786,-3.4907,6.9813,3.95620690005603,3.18691989760045,0.778756269904645,0.627326607186563
3.92,-4.95938113207547,0.638440495396226,7.52036465329985,6.14949576792013,-3.4907,6.9813,4.16085403545597,3.08786390901581,0.803026111176798,0.595943843636519
3.928,-4.95938113207547,0.598765446339622,7.52245317568677,6.15231002303558,-3.4907,6.9813,4.39575085988457,2.99933492011452,0.82603206720863,0.563623122257273
3.936,-4.95938113207547,0.559090397283018,7.5244284280888,6.15520490395952,-3.4907,6.9813,4.53535811619196,2.92020857820074,0.847737928855926,0.530415312730567
3.944,-4.95938113207547,0.519415348226414,7.52628730165018,6.15817585443004,-3.4907,6.9813,4.4255062277933,2.8495398377206,0.868109533196978,0.496372680928882
3.952,-4.95938113207547,0.479740299169811,7.52802687068415,6.16121819845916,-3.4907,6.9813,4.32726601638448,2.78653121456668,0.887114817301715,0.461548806654015
3.96,-4.95938113207547,0.440065250113207,7.52964439727772,6.16432714769236,-3.4907,6.9813,4.23960612185196,2.73050782476187,0.904723868695643,0.425998499307672
3.968,-4.95938113207547,0.400390201056603,7.53113733560085,6.16749780894497,-3.4907,6.9813,4.16165148321228,2.68089761125897,0.920908972439183,0.389777711626778
3.976,-4.95938113207547,0.360715151999999,7.53250333591337,6.17072519190361,-3.4907,6.9813,4.09265931105708,2.63721558346361,0.935644654748294,0.352943451619301
3.984,-4.95938113207547,0.321040102943395,7.53374024826324,6.1740042169804,-3.4907,6.9813,4.03199983510496,2.59905119510626,0.948907723087743,0.315553692839167
3.992,-4.95938113207547,0.281365053886792,7.53484612587035,6.1773297233078,-3.479,6.9813,3.97914082705228,2.56605820421515,0.960677302673905,0.277667283141514
4,-4.95384018867924,0.241734332377358,7.5358224898926,6.18070776174542,-3.462,6.9813,3.93366650739458,2.53797089489395,0.970924258849853,0.239386890987925
4.008,-4.94578924528302,0.202168018415093,7.53666833407519,6.18413840338457,-3.3275,6.9813,3.89519282269305,2.51454398491116,0.97963355610653,0.200793664616376
4.016,-4.8820920754717,0.16311128181132,7.53740492860654,6.18773210601222,-3.1878,6.9813,3.86354947338104,2.49572122311703,0.986726822123909,0.162388972843761
4.024,-4.81593226415094,0.124583823698112,7.53802341526529,6.19149022680475,-3.048,6.9813,3.83825831721593,2.4812072610807,0.992249467971647,0.124261793444258
4.032,-4.74972509433962,0.0865860229433954,7.5385141292131,6.19540865289645,-2.9322,6.9813,3.81889781018282,2.47074183378471,0.996253771692681,0.086477872245495
4.04,-4.69488396226415,0.0490269512452822,7.53886568739581,6.199458719768,-2.9083,6.9813,3.80511342943317,2.46409512067115,0.998798419735452,0.0490073130661524
4.048,-4.68356528301887,0.0115584289811312,7.53906609260908,6.20354309815544,-2.7686,6.9813,3.79671051412084,2.46109830358089,0.999933202103417,0.0115581716204039
4.056,-4.61740547169811,6.25780449238713,7.5391149784831,6.20777236643034,-2.6289,6.9813,3.79344941102495,2.46167786786735,0.999677924410502,-0.0253780898869798
4.064,-4.55124566037736,6.22139452710411,7.53900408106228,6.21214076862134,-2.4892,6.9813,3.79510196684401,2.46570156963205,0.998091557083676,-0.0617514670132096
4.072,-4.4850858490566,6.18551384031166,7.53872557772225,6.21664222981325,-2.3736,6.9813,3.80147585883599,2.47306119764547,0.995233932998122,-0.0975162479235642
4.08,-4.43033943396226,6.15007112483996,7.53827445480423,6.22124631216389,-2.3495,6.9813,3.81248125363479,2.48369787183118,0.991153381864755,-0.132721413562614
4.088,-4.41892603773585,6.11471971653808,7.53765725680472,6.22585549969495,-2.2097,6.9813,3.82834156016516,2.4977022099667,0.985843201551282,-0.167669860008047
4.096,-4.35271886792453,6.07989796559468,7.53685400308669,6.23057836531316,-2.0701,6.9813,3.84867277527266,2.51493302118473,0.979408189468589,-0.201890065139075
4.104,-4.28660641509434,6.04560511427392,7.53585851450883,6.23540767509127,-1.9304,6.9813,3.87339472394628,2.53535889286234,0.971910324975425,-0.235351482268889
4.112,-4.22044660377358,6.01184154144374,7.53466502275983,6.24033633303914,-1.8151,6.9813,3.90244798803869,2.55896334725849,0.963411601764978,-0.268026277787533
4.12,-4.16584226415094,5.97851480333053,7.5332748066941,6.24533341876424,-1.7907,6.9813,3.93593262768854,2.58581260461178,0.953945846232831,-0.299978870014419
4.128,-4.15428679245283,5.94528050899091,7.53171150809011,6.25030477627894,-1.6511,6.9813,3.97444483909885,2.61623301969144,0.943451318491882,-0.331511100320832
4.136,-4.08817433962264,5.91257511427392,7.52993741954131,6.25535367563363,-1.5114,6.9813,4.017401720249,2.6499788765863,0.932106516879341,-0.362184264140594
4.144,-4.02201452830189,5.88039899804751,7.52794838338806,6.26047259918806,-1.3717,6.9813,4.06482572883859,2.68709329741493,0.91997238018871,-0.391983188019487
4.152,-3.95585471698113,5.84875216031166,7.52574071902098,6.26565391896022,-1.2566,6.9813,4.11675665196407,2.72763239737493,0.907108774393589,-0.420896271566002
4.16,-3.90134509433962,5.81754139955694,7.52332157611561,6.27086761626339,-1.2319,6.9813,4.17347081388783,2.77178283145587,0.893532637469843,-0.448998246963378
4.168,-3.88964754716981,5.78642421917959,7.52072977971243,6.27602544191545,-1.0923,6.9813,4.23597338624949,2.82013813645947,0.879130773147219,-0.47658061616643
4.176,-3.82353509433962,5.75583593842487,7.51791197013083,6.281223351843,-0.95263,6.9813,4.3034223002009,2.87230828560096,0.864144020442379,-0.503244584604427
4.184,-3.75738949056604,5.72577682250034,7.51486593901885,6.28645382953125,-0.8129,6.9813,4.37593679180842,2.92841103107949,0.848628841582073,-0.528988742068363
4.192,-3.69121547169811,5.69624709872676,7.51158987280565,6.29170945040625,-0.69813,6.9813,4.45365279961422,2.98857777764518,0.832640243064067,-0.553814251920454
4.2,-3.63686213207547,5.66715220167015,7.50809624487603,6.29696199708305,-0.67314,6.9813,4.53705289443347,3.05314153836092,0.816176952104797,-0.577802027387343
4.208,-3.62502724528302,5.63815198370789,7.5044367977684,6.30213116618445,-0.53339,6.9813,4.62765939806582,3.12304655066906,0.799079732480122,-0.601225066958703
4.216,-3.55884375471698,5.60968123367015,7.50054464606642,6.30730416995909,-0.39371,6.9813,4.72428699084306,3.19770296722506,0.781640877702465,-0.623728737757464
4.224,-3.49269341509434,5.5817396863494,7.49641934139408,6.31247389610715,-0.25401,6.9813,4.82717290069869,3.27732370414349,0.763910093910062,-0.645322685501076
4.232,-3.42653360377358,5.55432741751921,7.49206070345374,6.31763349702176,-0.13963,6.9813,4.93657458597836,3.3621393700202,0.745935554875942,-0.666018128861311
4.24,-3.37236496226415,5.5273484978211,7.48748580049704,6.32275735570912,-0.11432,6.9813,5.05325491036142,3.4526888606883,0.72769783229239,-0.68589785309254
4.248,-3.36037852830189,5.50046546959468,7.48275691347046,6.32777443051535,0.025447,6.9813,5.17945752348832,3.55042286925858,0.708998105077891,-0.705210384917834
4.256,-3.29418698679245,5.47411197370034,7.47779591779857,6.3327620719425,0.16514,6.9813,5.31353376283604,3.65447151519809,0.690169309491723,-0.723647928371055
4.264,-3.22803049056604,5.44828772977581,7.47260372527133,6.33771405451686,0.30487,6.9813,5.45589017339989,3.76518838366142,0.671253604652557,-0.741227764078592
4.272,-3.16185647169811,5.42299287800223,7.46718141092755,6.34262448586498,0.41888,6.9813,5.60696377754906,3.88295432862896,0.652291625064457,-0.757968096868707
4.28,-3.10786305660377,5.3981299735494,7.46154987417506,6.3474708696047,0.4445,6.9813,5.7679404615878,4.00862762972234,0.633246676993235,-0.773950028152351
4.288,-3.09572981132075,5.37336413505883,7.45577968726353,6.35219204223141,0.58423,6.9813,5.94214961988757,4.14444453744907,0.61388692495387,-0.789393972215827
4.296,-3.02955579245283,5.34912768871921,7.44978361474979,6.35685499969855,0.72393,6.9813,6.12729497615532,4.28913151800425,0.594576401899849,-0.804039117396554
4.304,-2.96339598113207,5.32542052087015,7.44356352719594,6.36145467301947,0.86376,6.9813,6.32405966766654,4.44327480840487,0.57534962005238,-0.81790758323027
4.312,-2.89717460377358,5.30224312403996,7.43712132699479,6.36598637991892,0.97738,6.9813,6.53317776934891,4.37294609695284,0.556239819025043,-0.831021819046279
4.32,-2.84336588679245,5.27949619694562,7.43048103491706,6.37043102238069,1.0034,6.9813,6.75652848901761,4.30319811201185,0.53719435706058,-0.843458489045116
4.328,-2.83104320754717,5.25684785128525,7.42371933286759,6.37473751550665,1.1431,6.9813,6.99918047353768,4.23805221598547,0.517955280364558,-0.855407696681805
4.336,-2.76488339622641,5.23472878411544,7.4167418598795,6.37896242368996,1.2827,6.9813,7.25790751701352,4.1781803663398,0.498909302415584,-0.866654203222482
4.344,-2.69877094339623,5.21313861656827,7.40955118142273,6.38310190211102,1.4225,6.9813,7.53389737317503,4.12312311147144,0.480083271477416,-0.877222920612282
4.352,-2.63256377358491,5.19207810637959,7.40214968741857,6.38715256400305,1.5359,6.9813,7.82843064881986,4.07247312620475,0.461503409567994,-0.887138435057977
4.36,-2.57885924528302,5.17144723241732,7.39456352819758,6.39109900371038,1.5621,6.9813,8.14459032540619,4.02567876461356,0.443104054605672,-0.89647018734145
4.368,-2.56645132075472,5.15091562185129,7.38687398918545,6.39489976135122,1.7018,6.9813,8.1588817161778,3.98187196169339,0.424605979653172,-0.905378242527824
4.376,-2.50029150943396,5.13091328977581,7.37898105340848,6.39860140511788,1.8416,6.9813,8.07602544063808,3.94159931617,0.406412572792027,-0.913689674165449
4.384,-2.43408433962264,5.11144061505883,7.37088741521179,6.40220148555632,1.9812,6.9813,7.99940124625664,3.90458194502135,0.388544665009085,-0.921429890601004
4.392,-2.36797188679245,5.09249683996449,7.3625960665557,6.4056977464427,2.0944,6.9813,7.92849541720059,3.87056531252762,0.371020632632572,-0.928624622848719
4.4,-2.3143620754717,5.07398194336072,7.35413443639215,6.40907848748611,2.121,6.9813,7.86257175354814,3.83918437957619,0.353764634680773,-0.935334476670875
4.408,-2.30176471698113,5.05556782562487,7.34558668660512,6.4123114396077,2.2607,6.9813,7.8004314003394,3.80984115974765,0.336482273323101,-0.9416898001674
4.416,-2.23560490566038,5.03768298637959,7.33684877708344,6.41543364785443,2.4003,6.9813,7.74291179666325,3.78295668034516,0.319587387047172,-0.947556806761664
4.424,-2.16949245283019,5.02032704675695,7.32792361974937,6.41844388184888,2.54,6.9813,7.68964001326261,3.75834665656932,0.303094340733411,-0.95296055564508
4.432,-2.10333264150943,5.00350038562487,7.31881390271756,6.42134127740389,2.6529,6.9813,7.6402748377283,3.73584252236768,0.287017045543035,-0.957925474954992
4.44,-2.04986490566038,4.98710146637959,7.3095481417243,6.42411751774254,2.6798,6.9813,7.59431023532942,3.71519010598334,0.271270215013124,-0.962503231395476
4.448,-2.03712547169811,4.970804462606,7.30021210639559,6.4267487694915,2.8195,6.9813,7.55093240897162,3.69597186062668,0.255548967705846,-0.966796113513328
4.456,-1.97096566037736,4.95503673732298,7.29069882954487,6.42926337215148,2.9593,6.9813,7.51072404870392,3.67849750612233,0.240273657063889,-0.97070519197187
4.464,-1.90475849056604,4.93979866939846,7.28101083994543,6.43166139032415,3.0989,6.9813,7.47342415532203,3.66263813447634,0.225454662764482,-0.974253660520582
4.472,-1.83864603773585,4.92508950109657,7.27115088550966,6.43394310892812,3.2114,6.9813,7.43878845528443,3.64827291440998,0.211100329248904,-0.977464398835581
4.48,-1.78536773584906,4.91080655920978,7.26114803212613,6.43610339798336,3.2387,6.9813,7.40646487875523,3.63522061491734,0.197118204597118,-0.980379729194973
4.488,-1.77243886792453,4.89662704826638,7.25108847337043,6.43812600422654,3.3784,6.9813,7.37591761749171,3.62319247009536,0.18319754950669,-0.983076120071454
4.496,-1.70627905660377,4.88297681581355,7.2408633621946,6.44003146736678,3.4859,6.9813,7.3475114232631,3.61240202329297,0.169761681447242,-0.985485145251924
4.504,-1.65536867924528,4.86973386637959,7.23050683100177,6.44181550455671,3.4907,6.9813,7.32094383318292,3.60268919566646,0.156696447140779,-0.987646811088588
4.512,-1.65309547169811,4.856509102606,7.22012282304643,6.44346299345195,3.4907,6.9813,7.29576046324307,3.59379510769678,0.143621729632483,-0.989632658503838
4.52,-1.65309547169811,4.84328433883242,7.20971793611378,6.44497301623167,3.4907,6.9813,7.27192615742729,3.58570112488473,0.130521893857369,-0.991445427254514
4.528,-1.65309547169811,4.83005957505883,7.19929398993351,6.44634530880524,3.4907,6.9813,7.24942521297568,3.57840004208448,0.117399230869659,-0.993084800302176
4.536,-1.65309547169811,4.81683481128525,7.18885280756863,6.44757963116989,3.4907,6.9813,7.22824318433382,3.57188539064962,0.104256035715872,-0.994550490933874
4.544,-1.65309547169811,4.80361004751166,7.17839621509661,6.44867576745273,3.4907,6.9813,7.20836685419625,3.56615142426395,0.0910946070334305,-0.995842242812296
4.552,-1.65309547169811,4.79038528373808,7.16792604129001,6.44963352594848,3.4907,6.9813,7.18978420739574,3.56119310642454,0.0779172466486552,-0.996959830020595
4.56,-1.65309547169811,4.77716051996449,7.15744411729668,6.45045273915301,3.4907,6.9813,7.1724844075368,3.55700609952589,0.0647262591741903,-0.997903057101899
4.568,-1.65309547169811,4.76393575619091,7.14695227631945,6.45113326379263,3.4907,6.9813,7.15645777628354,3.55358675550082,0.0515239516059466,-0.998671759093501
4.576,-1.65309547169811,4.75071099241732,7.13645235329558,6.45167498084913,3.4907,6.9813,7.14169577522337,3.55093210798034,0.0383126329196271,-0.999265801555705
4.584,-1.65309547169811,4.73748622864374,7.12594618457579,6.45207779558063,3.4907,6.9813,7.12819099023875,3.54903986594107,0.0250946136669054,-0.999685080595339
4.592,-1.65309547169811,4.72426146487015,7.11543560760314,6.45234163753813,3.4907,6.9813,7.11593711832942,3.54790840881462,0.0118722055713297,-0.999929522883924
4.6,-1.65309547169811,4.71103670109657,7.10492246059165,6.45246646057782,3.4907,6.9813,7.10492895683777,3.5475367830397,-0.00135227887597942,-0.999999085670503
4.608,-1.65309547169811,4.69781193732298,7.0944085822048,6.45245224286917,3.4907,6.9813,7.09516239503942,3.54792470004295,-0.0145765268207641,-0.999893756789112
4.616,-1.65309547169811,4.6845871735494,7.08389581123402,6.45229898689875,3.4907,6.9813,7.08663440807084,3.54907253564073,-0.027798225450129,-0.999613554660912
4.624,-1.65309547169811,4.67136240977581,7.07338598627704,6.45200671946977,3.4907,6.9813,7.07934305317483,3.55098133085946,-0.0410150623970331,-0.999158528290965
4.632,-1.65309547169811,4.65813764600223,7.06288094541634,6.45157549169741,3.4907,6.9813,7.07328746825431,3.55365279417769,-0.054224726144704,-0.998528757259665
4.64,-1.65309547169811,4.64491288222864,7.05238252589773,6.4510053789999,3.4907,6.9813,7.06846787273358,3.55708930519905,-0.0674249064309033,-0.997724351708819
4.648,-1.65309547169811,4.63168811845506,7.04189256380899,6.45029648108527,3.4907,6.9813,7.06488557073585,3.56129391977062,-0.0806132946519724,-0.996745452322384
4.656,-1.65309547169811,4.61846335468147,7.03141289375877,6.44944892193399,3.4907,6.9813,7.06254295659464,3.56627037656721,-0.0937875842665885,-0.995592230301863
4.664,-1.65309547169811,4.60523859090789,7.0209453485557,6.44846284977722,3.4907,6.9813,7.06144352272645,3.57202310516803,-0.10694547119916,-0.994264887336363
4.672,-1.65309547169811,4.5920138271343,7.01049175888791,6.44733843707093,3.4907,6.9813,7.06159186990153,3.57855723565835,-0.12008465424279,-0.992763655567321
4.68,-1.65309547169811,4.57878906336072,7.00005395300281,6.4460758804657,3.4907,6.9813,7.06299371995924,3.58587860979482,-0.133202835461739,-0.991088797547905
4.688,-1.65309547169811,4.56556429958713,6.98963375638734,6.44467540077237,3.4907,6.9813,7.06565593102505,3.5939937937801,-0.146297720593316,-0.989240606197097
4.696,-1.65309547169811,4.55233953581355,6.97923299144873,6.4431372429234,3.4907,6.9813,7.06958651529648,3.60291009269908,-0.159367019449124,-0.987219404748459
4.704,-1.65309547169811,4.53911477203996,6.96885347719578,6.44146167593002,3.4907,6.9813,7.07479465947641,3.61263556667618,-0.172408446315597,-0.985025546693608
4.712,-1.65309547169811,4.52589000826638,6.9584970289207,6.4396489928352,3.4907,6.9813,7.08129074794385,3.623179048821,-0.185419720353752,-0.982659415720389
4.72,-1.65309547169811,4.51266524449279,6.94816545788167,6.43769951066241,3.4907,6.9813,7.08908638876426,3.63455016503746,-0.19839856599809,-0.980121425645773
4.728,-1.65309547169811,4.49944048071921,6.93786057098603,6.43561357036015,3.4907,6.9813,7.09819444265472,3.64675935578044,-0.211342713354572,-0.977412020343482
4.736,-1.65309547169811,4.48621571694562,6.92758417047429,6.43339153674232,3.4907,6.9813,7.10862905503263,3.65981789985282,-0.224249898597606,-0.974531673666363
4.744,-1.65309547169811,4.47299095317204,6.91733805360491,6.43103379842445,3.4907,6.9813,7.12040569129153,3.67373794034573,-0.237117864365974,-0.971480889363512
4.752,-1.65309547169811,4.45976618939845,6.90712401234,6.42854076775571,3.4907,6.9813,7.13354117546328,3.68853251283553,-0.249944360157619,-0.96826020099217
4.76,-1.65309547169811,4.44654142562487,6.89694383303191,6.42591288074678,3.4907,6.9813,7.14805373244245,3.70421557596209,-0.262727142723249,-0.964870171824416
4.768,-1.65309547169811,4.43331666185128,6.88679929611081,6.42315059699363,3.4907,6.9813,7.16396303396726,3.72080204452545,-0.275463976458655,-0.961311394748645
4.776,-1.65309547169811,4.4200918980777,6.87669217577329,6.42025439959711,3.4907,6.9813,7.18129024857058,3.73830782525116,-0.288152633795703,-0.957584492165887
4.784,-1.65309547169811,4.40686713430411,6.86662423967212,6.41722479507848,3.4907,6.9813,7.20005809573612,3.75674985538886,-0.300790895591918,-0.953690115880946
4.792,-1.65309547169811,4.39364237053053,6.85659724860705,6.4140623132908,3.4907,6.9813,7.22029090451761,3.77614614432448,-0.313376551518595,-0.949628946988408
4.8,-1.65309547169811,4.38041760675694,6.84661295621685,6.41076750732631,3.4907,6.9813,7.24201467690388,3.79651581840343,-0.325907400447362,-0.945401695753526
4.808,-1.65309547169811,4.36719284298336,6.83667310867269,6.40734095341963,3.4907,6.9813,7.26525715624007,3.8178791691806,-0.338381250835146,-0.941009101487994
4.816,-1.65309547169811,4.35396807920977,6.82677944437266,6.40378325084705,3.4907,6.9813,7.29004790104494,3.84025770533359,-0.350795921107451,-0.936451932420653
4.824,-1.65309547169811,4.34074331543619,6.81693369363781,6.40009502182167,3.4907,6.9813,7.31641836459663,3.86367420849761,-0.363149240039902,-0.93173098556313
4.832,-1.65309547169811,4.3275185516626,6.80713757840947,6.39627691138461,3.4907,6.9813,7.34440198069506,3.88815279330488,-0.375439047137969,-0.926847086570451
4.84,-1.65309547169811,4.31429378788902,6.79739281194814,6.39232958729217,3.4907,6.9813,7.37403425604817,3.91371897193837,-0.387663193014826,-0.921801089596639
4.848,-1.65309547169811,4.30106902411543,6.78770109853384,6.38825373989909,3.4907,6.9813,7.40535286977228,3.94039972353892,-0.399819539767255,-0.916593877145326
4.856,-1.65309547169811,4.28784426034185,6.77806413316805,6.38405008203777,3.4907,6.9813,7.43839778054403,3.96822356883736,-0.411905961349552,-0.911226359915417
4.864,-1.65309547169811,4.27461949656826,6.76848360127725,6.37971934889361,3.4907,6.9813,7.4732113419936,3.99722065041907,-0.423920343945355,-0.905699476641812
4.872,-1.65309547169811,4.26139473279468,6.75896117841818,6.37526229787644,3.4907,6.9813,7.50983842698668,4.02742281906782,-0.435860586337331,-0.900014193931228
4.88,-1.65309547169811,4.24816996902109,6.74949852998478,6.37067970848808,3.4907,6.9813,7.54832656150603,4.05886372667956,-0.447724600274662,-0.894171506093151
4.888,-1.65309547169811,4.23494520524751,6.74009731091692,6.36597238218595,3.4907,6.9813,7.58872606891411,4.09157892628522,-0.459510310838265,-0.888172434965937
4.896,-1.65309547169811,4.22172044147392,6.73075916541101,6.36114114224295,3.4907,6.9813,7.63109022545671,4.12560597977521,-0.471215656803676,-0.8820180297381
4.904,-1.65309547169811,4.20849567770034,6.72148572663236,6.35618683360347,3.4907,6.9813,7.67547542795379,4.16098457397808,-0.482838591001544,-0.875709366764821
4.912,-1.65309547169811,4.19527091392675,6.71227861642964,6.3511103227356,3.4907,6.9813,7.72194137472068,4.19775664581198,-0.494377080675662,-0.869247549379698
4.92,-1.65309547169811,4.18204615015317,6.70313944505119,6.34591249747961,3.4907,6.9813,7.77055126087014,4.23596651730148,-0.505829107838479,-0.862633707701785
4.928,-1.65309547169811,4.16882138637958,6.69406981086339,6.34059426689265,3.4907,6.9813,7.82137198926567,4.2756610413348,-0.517192669624032,-0.855868998437943
4.936,-1.65309547169811,4.155596622606,6.68507130007114,6.33515656108981,3.4907,6.9813,7.87447439853009,4.31688975912825,-0.528465778638229,-0.848954604680539
4.944,-1.65309547169811,4.14237185883241,6.67614548644044,6.32960033108137,3.4907,6.9813,7.92993350966349,4.35970507046787,-0.539646463306429,-0.841891735700537
4.952,-1.65309547169811,4.12914709505883,6.66729393102316,6.32392654860657,3.4907,6.9813,7.9878287929919,4.40416241791329,-0.550732768218254,-0.834681626736003
4.96,-1.65309547169811,4.11592233128524,6.658518181884,6.3181362059636,3.4907,6.9813,8.0482444573565,4.45032048627832,-0.561722754469572,-0.827325538776072
4.968,-1.65309547169811,4.10269756751166,6.64981977382977,6.31223031583605,3.4907,6.9813,8.11126976366403,4.49824141884806,-0.5726145000016,-0.819824758340414
4.976,-1.65309547169811,4.08947280373807,6.64120022814095,6.30620991111586,3.4907,6.9813,8.17699936515734,4.54799105195554,-0.583406099937053,-0.81218059725423
4.984,-1.65309547169811,4.07624803996449,6.63266105230565,6.3000760447226,3.4907,6.9813,8.24553367703266,4.59963916972578,-0.594095666913292,-0.804394392418825
4.992,-1.65309547169811,4.06302327619091,6.62420373975593,6.29382978941939,3.4907,6.9813,8.24553367703266,4.59963916972578,-0.594095666913292,-0.804394392418825
