0,0,3.14,8,6,0,0,6.00000760964441,8.00001014619255,-0.99999873172754,0.00159265291648683
0.0231481481481481,0,3.14,8,6,0.339543794,-0.666835424,6.00000760964441,8.00001014619255,-0.99999873172754,0.00159265291648683
0.0462962962962963,0.476606007015094,3.15103254645868,7.99999848568571,6.00095081128404,0.63240335,-1.228670232,6.00121819830834,8.00035494516301,-0.999955444542181,-0.00943975266889049
0.0694444444444444,0.88137635675849,3.1714347769392,8.00001483732443,6.00268294460672,0.826599566,-1.593403735,6.00535678839292,8.00357837552221,-0.999554756881162,-0.0298376942179068
0.0925925925925926,1.14607703500189,3.19796433793462,8.00008130487938,6.00490958987795,0.983404724,-1.882788933,6.01446334045912,8.01280935353223,-0.998411537315906,-0.0563418330771147
0.115740740740741,1.35738605265472,3.2293853113757,8.00022851450553,6.007518233955,1.190878672,-2.257820438,6.03074444457128,8.03115892290713,-0.996148699247704,-0.087679923512211
0.138888888888889,1.63325184266038,3.26719206699284,8.00050028409443,6.01060586122058,1.516320242,-2.825074885,6.05832878755127,8.06402254698807,-0.992122757281059,-0.125269447532227
0.162037037037037,2.05601920165472,3.31478510406818,8.0009765652257,6.01437796494187,1.6790004,-3.097280312,6.10572176581936,8.12249197620579,-0.985039639148175,-0.172327912152478
0.185185185185185,2.2619744504,3.36714562375336,8.00168659662891,6.01843655921403,2.10034297,-3.756879549,6.17484167495353,8.20963175081367,-0.97467058687935,-0.223645360050823
0.208333333333333,2.77389217409245,3.43135609074624,8.00276286580288,6.0231270562903,2.458480814,-4.246447842,6.28514537461956,8.35089938168389,-0.958311494370945,-0.285725532209719
0.231481481481481,3.17535300501132,3.50485963252891,8.00424698415349,6.02810472721595,2.672081047,-4.491781386,6.44895751151508,8.56306435411227,-0.934740958744469,-0.355329903111841
0.25462962962963,3.39269711449623,3.58339428795707,8.00612539943396,6.03304613992794,2.756988368,-4.575814887,6.67385052668526,8.85650183579712,-0.903982808096305,-0.427568804599119
0.277777777777778,3.47270493774528,3.6637809763308,8.00838461290162,6.03782265802893,2.999440066,-4.754810377,6.96621124263867,7.94376901622276,-0.866729768553777,-0.498778015055512
0.300925925925926,3.67229596451509,3.74878782736124,8.01092813801703,6.04224255800055,3.046847466,-4.775445984,7.35735877538984,6.93654332874952,-0.821251585312339,-0.570566239469152
0.324074074074074,3.70452010556604,3.83454060758268,8.01379337261134,6.04636666891018,3.169739182,-4.795709096,7.85889319469123,6.18907913519419,-0.769366184158677,-0.638808010808503
0.347222222222222,3.77231607127924,3.92186273886229,8.01681084175724,6.05000084174978,3.189410341,-4.793264007,8.51245283743801,5.61501029554797,-0.710723566671841,-0.703471400823983
0.37037037037037,3.78047407801509,4.00937371289042,8.02008855658906,6.05331234691272,3.322837011,-4.710640222,9.36290194916783,5.17329556166425,-0.646520958969429,-0.762896224668369
0.393518518518518,3.80453355751509,4.09744161931438,8.02316432287834,6.05591892341239,3.330473629,-4.701005472,9.82263324837261,4.82867611307606,-0.576915527406039,-0.816803816248315
0.416666666666667,3.80358727236038,4.18548762098939,8.02641644516483,6.0582159252221,3.422230749,-4.501962918,9.28586379791233,4.56030038924996,-0.502857389504627,-0.864369391996612
0.439814814814815,3.75277851022075,4.27235749391116,8.029127731589,6.05979324902148,3.426204364,-4.487864465,8.87453107991348,4.35507921181415,-0.425967952294149,-0.904738251439791
0.462962962962963,3.7479835397717,4.35911637214662,8.03191814420883,6.06110702828066,3.4410655,-4.427848271,8.56057185612974,4.19814740546378,-0.345970164636646,-0.938245514341152
0.486111111111111,3.72659878588868,4.44538023293108,8.03460780823243,6.06209881933198,3.480176979,-4.163670681,8.32977812275245,4.08256929114574,-0.263847365538963,-0.964564444554198
0.509259259259259,3.6200108729434,4.52917678091588,8.03652305944168,6.06262271795665,3.488300296,-4.054211934,8.1733154317887,4.00439671012839,-0.182188946545453,-0.983263539320287
0.532407407407407,3.57201994288679,4.61186242774196,8.03813956997768,6.06292224126841,3.494338224,-3.907222651,8.07892635449308,3.95705511055134,-0.100357324855578,-0.994951459794814
0.555555555555556,3.50526750872641,4.69300287933285,8.03933298190831,6.06304261661701,3.49596591,-3.738253814,8.04084389323869,3.93769729470787,-0.0193848867909511,-0.999812095427987
0.578703703703704,3.42601726551698,4.77230883455315,8.04003671844333,6.06305626103392,3.486825031,-3.398394509,8.05449177174934,3.94402190708924,0.0598840046746329,-0.998205342594463
0.601851851851852,3.26073604630189,4.84778883562496,8.03978028063434,6.06307164516612,3.477250408,-3.221526437,8.11404459839333,3.9732941867512,0.134986517327227,-0.990847435350098
0.625,3.17243960017924,4.92122493748096,8.03904417827732,6.06317192689469,3.430120545,-2.625307313,8.21758847647261,4.02426361766015,0.207321288926151,-0.978272908322621
0.648148148148148,2.86775923086415,4.98760825301022,8.0367569204965,6.06365665587695,3.420684107,-2.525283618,8.3510431544094,4.09027838748082,0.271757963926329,-0.962365631681959
0.671296296296296,2.81592056410377,5.05279159940151,8.03425359449004,6.06436355848877,3.36307721,-1.963321399,8.52331889792835,4.17520856950711,0.333866636057625,-0.942620320875572
0.694444444444444,2.52250198275283,5.11118284900227,8.03042050414051,6.06572120053442,3.28472611,-1.249376529,8.71422567415084,4.26928992147961,0.388307138754315,-0.921530013614552
0.717592592592593,2.14728257054528,5.16088846406119,8.02497160868334,6.06801721365725,3.203672952,-0.497280536,8.90576255723749,4.36354254966129,0.43361390936966,-0.901098761291547
0.740740740740741,1.75271570846792,5.20146058694239,8.01788688136551,6.07142642521215,3.128523444,0.279158746,8.36210928381735,4.21899862517013,0.469806533429377,-0.882769404288046
0.763888888888889,1.34941611169434,5.23269707100939,8.00914778886789,6.07607733713964,3.067883294,1.066133482,7.8928744711802,4.00455053354258,0.497147481210812,-0.867666054381376
0.787037037037037,0.947998495871698,5.25464148063605,7.99872737854128,6.08204792999723,3.032392395,1.784989196,7.59194937743139,3.87793422713904,0.51606667473965,-0.856548414990747
0.810185185185185,0.590751326318868,5.2683162798564,7.98674003522982,6.08927025192725,3.030358208,1.84983584,7.41045792548243,3.81493460890259,0.527731185764496,-0.849411440687962
0.833333333333333,0.559077574279245,5.28125789037212,7.97469757623741,6.09675211626196,3.024553894,2.616457985,7.24595670204924,3.75975446813924,0.5386794379594,-0.842510808903805
0.856481481481481,0.193268062564151,5.28573168811666,7.96089079401768,6.10557981272301,3.024553894,2.616457984,7.17940564851677,3.75911982975009,0.54244325755316,-0.84009244273182
0.87962962962963,0.193268063037736,5.29020548587216,7.94712364316739,6.11446918938514,3.046767814,3.180986573,7.11380025455371,3.75849608756343,0.546196220244958,-0.837657262244005
0.902777777777778,-0.0635639783188682,5.28873409748515,7.93196857781872,6.12435108235511,3.059076059,3.352192082,7.11176379577851,3.79480992972356,0.544963110268854,-0.838460021972483
0.925925925925926,-0.1388153241,5.28552077979765,7.9163519852421,6.1345011988059,3.090060427,3.669516273,7.12841733036585,3.8424827901109,0.542266063004999,-0.840206829841949
0.949074074074074,-0.274421542162264,5.27916842928464,7.89985267887572,6.14514978387786,3.142530411,4.043230299,7.17959008815261,3.91148709938005,0.536917869793599,-0.84363451867281
0.972222222222222,-0.426557871486793,5.2692944044817,7.88224155503026,6.15635810559832,3.172048134,4.207388016,7.27188790473061,4.00664329409747,0.528561763431646,-0.848894847574202
0.99537037037037,-0.490321340343396,5.25794437345523,7.86404299372516,6.16768938376879,3.283522657,4.675764802,7.38555163089174,4.11637320951857,0.518892942295833,-0.854839233093319
1.01851851851852,-0.659344864896226,5.24268176084189,7.84427700173393,6.17968746872403,3.490658504,5.235987756,7.55322021664243,4.26212525773277,0.505785932582564,-0.862659023254024
1.04166666666667,-0.826561589154717,5.22354839072257,7.82240711568216,6.19251000974429,3.768350932,5.713406444,7.78327322123044,4.36549686471957,0.489188787548922,-0.872177923440175
1.06481481481481,-0.921148931154717,5.2022254987977,7.79838264063414,6.20598490231424,3.807493996,5.767331466,8.06410878061588,4.29960678144059,0.47048163670679,-0.882409785486143
1.08796296296296,-0.928149443339622,5.18074055797965,7.77383774665057,6.21907170402941,4.104242012,6.110788614,8.37570751405268,4.23721905892394,0.451415989589773,-0.892313624429598
1.11111111111111,-0.95027018321132,5.1587435629979,7.74735779570859,6.23246774879608,4.336373887,6.32121176,8.58883378337512,4.17674117194119,0.431680145718605,-0.902026746716728
1.13425925925926,-0.939989256835849,5.136984552423,7.71942989924373,6.2458331156873,4.481781084,6.434217129,8.4716681808206,4.12000064181399,0.41195229849568,-0.911205412497164
1.15740740740741,-0.924644240179246,5.115580750567,7.69053376637014,6.25889694102421,4.884417491,6.689774852,8.36097192290011,4.0672414408416,0.392356168755967,-0.919813370656863
1.18055555555556,-0.854989995492453,5.09578931548616,7.6596058692083,6.27208956425107,5.038498535,6.769352583,8.25924332614185,4.01975244061694,0.374076089944781,-0.927398015380464
1.2037037037037,-0.819706351033962,5.07681463143444,7.62779342706851,6.28492145926258,5.295600575,6.883544649,8.16392997007411,3.97620115566785,0.356412722630154,-0.93432862053314
1.22685185185185,-0.752026344479245,5.05940661420113,7.59473543733402,6.29753189189519,5.698779679,7.021609382,8.07614490072883,3.93715741359362,0.340094733243441,-0.940391180530779
1.25,-0.6264721801,5.04490494336548,7.55998430813081,6.31009972139099,6.077404144,7.110051916,7.99808696066612,3.90373076208114,0.326422207791359,-0.945224069869475
1.27314814814815,-0.489046397683019,5.03358442490059,7.52377203587442,6.32260521107949,6.250444608,7.137315476,7.92928608983129,3.87559793246933,0.315701093849131,-0.948858693032035
1.2962962962963,-0.420008656354717,5.02386200229979,7.48686837584527,6.33488367353528,6.414923312,7.154955114,7.86532270191125,3.85038459346949,0.306461113197998,-0.951883178807906
1.31944444444444,-0.350467891135849,5.01574931963461,7.44934347200202,6.34696490793513,6.46476093,7.158553736,7.80577016624501,3.82782086032915,0.29872878683323,-0.954338049077551
1.34259259259259,-0.328569800577359,5.00814353721384,7.41157364407817,6.3587876943005,6.694786526,7.16240184,7.74797126211129,3.80648019686711,0.291461728878528,-0.956582490221904
1.36574074074074,-0.221455554366038,5.00301725123314,7.37306506210583,6.37052089869536,6.900443127,7.138474957,7.69579571288744,3.7883471083676,0.286554205321782,-0.958064030956388
1.38888888888889,-0.112728281754717,5.0004078002666,7.33399103670183,6.3822078276861,6.964368952,7.119092901,7.64906746600847,3.77321655638007,0.28405321144058,-0.95880851741643
1.41203703703704,-0.0732749267905657,4.9987116214057,7.29476257445622,6.39382951280709,7.015342458,7.08925733,7.60434343356928,3.75921198047503,0.282426492867842,-0.9592889429814
1.43518518518519,-0.0350049676830184,4.99790132122786,7.2554555485063,6.40540198590326,7.02293386,7.020831822,7.56156684255504,3.74625589999017,0.28164908823311,-0.959517478265747
1.45833333333333,0.000995493467924824,4.99792436505813,7.21630873257146,6.41689282923339,7.017241313,7.013272678,7.5208192764833,3.73430551245338,0.281671199116244,-0.9595109877372
1.48148148148148,0.00187948563207607,4.99796787166999,7.17719912010816,6.42837373104723,6.90731781,6.939158731,7.48015487538097,3.72238768935579,0.281712943921766,-0.95949873226958
1.50462962962963,-0.0150793795679247,4.99761881195776,7.13860299917576,6.43970571772543,6.783910595,6.887646119,7.43916762588273,3.71019735463234,0.281378004414875,-0.959597008452769
1.52777777777778,-0.0491275783471696,4.99648159949602,7.10049055223322,6.45088124679606,6.667570833,6.84737933,7.39698867649134,3.69732077464925,0.280286557027488,-0.959916374456482
1.55092592592593,-0.085154590088679,4.99451042842916,7.06280214121102,6.4618859085003,6.343942458,6.752818748,7.35350837327447,3.68374351670319,0.278393854340195,-0.960467001966028
1.57407407407407,-0.193637639226415,4.99002807566929,7.02625896123742,6.47247804409879,6.31774551,6.745815866,7.3060423276965,3.66798674285614,0.274085920170836,-0.961705208660173
1.59722222222222,-0.202727659162264,4.98533530578127,6.98976142593931,6.48287983921861,5.979119145,6.660224271,7.25846367790146,3.65232622147987,0.269569857524221,-0.962980836732679
1.62037037037037,-0.322561106841509,4.97786861349327,6.95440224978049,6.49277803003998,5.872545553,6.634668021,7.20688262999257,3.63455207032797,0.262372128322205,-0.964966769520939
1.64351851851852,-0.360929697109434,4.96951375939352,6.91934055516208,6.50231121991779,5.597708898,6.570745056,7.15454518353987,3.61658343241821,0.254300908341414,-0.967125145995456
1.66666666666667,-0.460815237090566,4.95884674001642,6.88515221176501,6.51130088047678,5.346674675,6.514135477,7.09968549951885,3.59740290254436,0.24397029359356,-0.969782705477816
1.68981481481481,-0.552891813777359,4.94604831840121,6.85173664986513,6.5197073043089,5.028387087,6.443914732,7.04312924288374,3.57750925224179,0.231538963644175,-0.972825630991794
1.71296296296296,-0.670372526216981,4.93053043584989,6.81931422089227,6.52742405781955,4.756923846,6.384869888,6.98484561063925,3.55686892283678,0.216415498351118,-0.976301353104377
1.73611111111111,-0.770970672720754,4.91268389249987,6.78771335488617,6.53442898221435,4.754836589,6.384417915,6.92618196406014,3.53626828706279,0.19895835565891,-0.980007945229784
1.75925925925926,-0.771745118539623,4.8948194221633,6.75599974334239,6.54086738716348,4.111735006,6.245715018,6.87000286227705,3.51750323475085,0.181420217118459,-0.983405666457486
1.78240740740741,-1.01062072266415,4.87142542395349,6.72640970473178,6.54632620381705,3.488057547,6.110477961,6.81237963902777,3.49781504275744,0.158366883604714,-0.987380337143358
1.80555555555556,-1.24193872436604,4.84267684237094,6.69887696501281,6.55074220646808,3.43207364,6.098226466,6.75613837331213,3.47874174433093,0.12991957022093,-0.991524535890872
1.8287037037037,-1.26264973457736,4.81344883925572,6.67142521589516,6.55433921220831,2.730556204,5.942151943,6.70563874520563,3.46333140726835,0.100887924369205,-0.994897797121128
1.85185185185185,-1.52096326507358,4.77824135626791,6.64635874580417,6.55688108550028,2.669005205,5.928181061,6.66079591607035,3.45059803139914,0.0658047910087614,-0.997832515746151
1.875,-1.54349649029434,4.74251227084443,6.62143725793339,6.55852460109542,2.021886409,5.777691128,6.62444258209395,3.44303740859544,0.0301187349574012,-0.999546327993138
1.89814814814815,-1.77869242352641,4.70133883511465,6.59878904253017,6.55920704629869,1.761920672,5.715025963,6.59919193794061,3.44100303462379,-0.0110499203904404,-0.999938947765995
1.9212962962963,-1.87213099630377,4.65800246945947,6.57706914637476,6.55896702852166,1.568759173,5.6674774,6.58680828104948,3.44612835405431,-0.0543597033141282,-0.998521418225768
1.94444444444444,-1.94109108486226,4.61306980545803,6.5560782917616,6.55782428224877,1.393565363,5.623543132,6.58854728685691,3.45922310210558,-0.0991559697778343,-0.995071903762445
1.96759259259259,-2.00325362267736,4.56669819382198,6.53579340281755,6.55580295310916,1.320767968,5.605043704,6.60577594198564,3.48107606675594,-0.145175932564779,-0.989405856362265
1.99074074074074,-2.0289683202566,4.51973133455678,6.51588643411716,6.55288199531713,0.653174639,5.427544804,6.63871022324566,3.51209582453733,-0.191468044400248,-0.981498847667966
2.01388888888889,-2.26106964417925,4.46739175946004,6.49854820494239,6.54949970216279,0.641904594,5.424409353,6.6985812444189,3.5567107990944,-0.242553628702912,-0.970137999051192
2.03703703703704,-2.26492206511132,4.41496300795283,6.48145126535658,6.54522513015313,0.139714951,5.278829557,6.77909416992066,3.61342594732583,-0.293060167915498,-0.956094000598968
2.06018518518519,-2.43380710586038,4.35862488050236,6.46640103257978,6.54061196058824,-1.35884e-14,5.235987756,6.89326392228958,3.68775067384949,-0.34643126266167,-0.938075359579731
2.08333333333333,-2.47968476746416,4.30122477014439,6.45213194085133,6.53534238452056,-0.592587885,5.0405856,7.03877024884863,3.77966990908523,-0.399676779062123,-0.916656136333864
2.10648148148148,-2.66778593346226,4.23947046612906,6.44028705214342,6.53017782304601,-0.694360208,5.004675239,7.23430450793366,3.89761357113923,-0.455486407664949,-0.890242737927403
2.12962962962963,-2.69897716452264,4.17699414287622,6.42913955341326,6.52447428407317,-1.132884258,4.841437593,7.47515905840529,4.0409929388355,-0.510180666000808,-0.860067257857763
2.15277777777778,-2.82934865019057,4.11149996115885,6.41987345469033,6.51897775531394,-1.34379852,4.757710219,7.78323737726889,4.22027359840723,-0.565375989393771,-0.824833310807108
2.17592592592593,-2.88958244054528,4.04461147873882,6.41169298095814,6.51337050913528,-1.6202601,4.642385446,8.16568269069275,4.44043564889446,-0.619242412429165,-0.785199869236431
2.19907407407407,-2.96589440008679,3.97595651577385,6.4047992763395,6.50793383696317,-1.896800685,4.520150762,8.64497747388152,4.71347063572785,-0.671649113568801,-0.740869400260426
2.22222222222222,-3.03897134565472,3.90560995684665,6.39915305516643,6.50281514877795,-2.054086393,4.447270873,9.00588880136983,5.05499350013781,-0.722062562863185,-0.691827764195287
2.24537037037037,-3.07894466748302,3.83433808954381,6.39434317624867,6.49779506476548,-2.141459132,4.405650323,8.4442270805249,5.48374374274798,-0.769495538526136,-0.638652187178884
2.26851851851852,-3.10061221359434,3.76256465867357,6.39014232330032,6.49273356546015,-2.433734116,4.259935585,7.98306573903339,6.02803339059549,-0.813313303147908,-0.581825979930974
2.29166666666667,-3.17002093386981,3.68918454446362,6.38705557102865,6.48841870711304,-2.758574251,4.084221295,7.59963117829131,6.74483373941565,-0.853780736839901,-0.520632743304833
2.31481481481481,-3.24064468310566,3.61416962124358,6.38505054800145,6.48513068871704,-2.840735723,4.036978038,7.28340452850907,7.17100522846567,-0.890398255833878,-0.455182321721734
2.33796296296296,-3.25718142266226,3.5387719031264,6.38346870081482,6.48203638142794,-2.960811156,3.965450808,7.02922057236268,6.92233225400628,-0.922155780245942,-0.386818713299909
2.36111111111111,-3.2801731188,3.46284196982084,6.38233974285421,6.47934500411542,-3.027977777,3.923969716,6.82868924432253,6.72645378938126,-0.948841684295774,-0.315752210036222
2.38425925925926,-3.2923373976283,3.38663045598685,6.38151785894028,6.47687522657341,-3.043363729,3.914300845,6.67630889046096,6.57801531230338,-0.970128155068965,-0.242592998131616
2.40740740740741,-3.29504492089434,3.31035626800319,6.38090406154694,6.47442065394611,-3.10858078,3.872554497,6.56772711726823,6.47286280544132,-0.985793188167517,-0.167963657267046
2.43055555555556,-3.30616029156038,3.23382477977262,6.38053128058964,6.47223277036248,-3.16517361,3.835215634,6.49985956673327,6.40776664814834,-0.995749631805557,-0.092101415619401
2.4537037037037,-3.31527867970566,3.1570822177424,6.38035200204158,6.47029450972855,-3.241315676,3.783022559,6.47107078520589,6.38111748664023,-0.999880039099694,-0.0154889447669671
2.47685185185185,-3.32662056034906,3.08007711217877,6.38032762695517,6.4687209898589,-3.241831041,3.782660494,6.48097966133852,6.3924187869285,-0.998108515668897,0.061476751290481
2.5,-3.32669316091509,3.00307032604647,6.38042421674546,6.46715280204497,-3.397958929,3.665221538,6.52970005396256,6.44213267068823,-0.990421114078642,0.138079747925686
2.52314814814815,-3.34501565512641,2.92563940810373,6.3805314249859,6.46638381668304,-3.474963728,3.597205497,6.62015290260622,6.53225896123157,-0.976772577886737,0.21427862956557
2.5462962962963,-3.34927259523585,2.84810994988068,6.38060752039658,6.46603694163251,-3.497278516,3.574408365,6.75486003604975,6.66561467778494,-0.957242179278945,0.289287763670185
2.56944444444444,-3.34904416439811,2.7705857794085,6.38067234091862,6.46582245299674,-3.538645417,3.514424752,6.93785486762974,6.84648843685392,-0.931962771830904,0.362553984837097
2.59259259259259,-3.34022757060189,2.69326569675568,6.38064683043307,6.46588802894906,-3.521430613,3.489112412,7.17496421430804,7.08037511128017,-0.901173557918941,0.433458439193098
2.61574074074074,-3.32008735712264,2.61641182274821,6.3806061341618,6.46597263776102,-3.449064517,3.500934447,7.2190152281846,7.3744343727301,-0.865233292706031,0.50136947373477
2.63888888888889,-3.29141460370566,2.54022166988465,6.38068168399833,6.4658422583956,-3.445153534,3.50213212,6.39711571123426,7.73827990984915,-0.824560723873157,0.565773464070007
2.66203703703704,-3.29012962104528,2.46406126199009,6.38077533538683,6.46570577045193,-3.417074303,3.511470437,5.77347057496507,8.18969364235695,-0.77912259164196,0.626871587482728
2.68518518518518,-3.2812542070566,2.38810630349341,6.38094724207488,6.46549211204566,-3.316001356,3.551583761,5.28957799912626,8.74931754528185,-0.729307995629426,0.684185535882621
2.70833333333333,-3.25238464974906,2.31281962178625,6.38141549092415,6.46499298189485,-3.312747913,3.552983119,4.90919947944435,8.77081635145645,-0.675780670171496,0.737102764763885
2.73148148148148,-3.25150658307924,2.23755326569645,6.38192991901059,6.46452135083656,-3.261196153,3.575750843,4.60412998954653,8.22634607766115,-0.618440744349472,0.785831435950784
2.75462962962963,-3.23787489810566,2.16260245786993,6.3826480200279,6.46395621319082,-3.206734809,3.600779596,4.35859955150233,7.78851403118407,-0.557860902423833,0.829934463404712
2.77777777777778,-3.22393606727358,2.08797430816453,6.38359807637701,6.46331760940264,-3.130561788,3.637003117,4.1605238573729,7.43578498176393,-0.494429160678437,0.869217927260371
2.80092592592593,-3.20501658708491,2.01378410938941,6.384876921035,6.46259017607314,-3.054282797,3.67431721,4.00135369514203,7.15303698280231,-0.428640761169546,0.903475012307475
2.82407407407407,-3.18656339954151,1.94002106773336,6.38650431206888,6.46181808373856,-2.905091647,3.749348885,3.87461609799482,6.92876553116971,-0.360892528144123,0.932607411041615
2.84722222222222,-3.15144259156981,1.86707100774332,6.38879166739068,6.46093294232207,-2.723013381,3.843279352,3.77571327315371,6.75525420314226,-0.291959231056898,0.956430764562007
2.87037037037037,-3.10969712449623,1.79508727800961,6.3919043487174,6.45998276790239,-2.642833977,3.885177194,3.70079290732783,6.62594917637916,-0.222415129528759,0.974952055311801
2.89351851851852,-3.09156755456792,1.72352321424646,6.3954230697044,6.45918004454812,-2.618723552,3.897823694,3.64702870450105,6.53525101157309,-0.152133840972667,0.988359901266185
2.91666666666667,-3.0861384127283,1.65208482506294,6.39909572055861,6.45861472974701,-2.457736903,3.982694783,3.61283418695652,6.48001232058042,-0.0811990045476429,0.99669790892751
2.93981481481481,-3.05009123242641,1.58148086134936,6.40351123566139,6.4582550064771,-2.377728409,4.025083203,3.59669406038528,6.45862365887896,-0.0106843312658347,0.999942920903689
2.96296296296296,-3.03227493323019,1.51128931196904,6.40829668070634,6.45820387427841,-2.350285265,4.039644817,3.59807197865134,6.46965529353032,0.0594719011457146,0.99822998000166
2.98611111111111,-3.02617443506038,1.44123897782412,6.41319573981865,6.45849574725866,-2.175202078,4.132720833,3.61711868347631,6.51308070917158,0.129195214040985,0.991619179256283
3.00925925925926,-2.98733707671887,1.37208765660378,6.41883485322657,6.45923045114396,-2.033941997,4.207908524,3.6530487132922,6.58888448907996,0.197403576316367,0.980322308252499
3.03240740740741,-2.95604619013396,1.30366066146179,6.42502615136126,6.46047716804873,-1.864823669,4.297854187,3.70643767236412,6.69805066300607,0.263969783887533,0.964530949837468
3.05555555555555,-2.91855121104906,1.23610160565046,6.43184362870343,6.46234295371479,-1.700300661,4.385125088,3.77778317234996,6.84200128135836,0.328480846060019,0.944510631899765
3.0787037037037,-2.8819657792434,1.16938943483465,6.43921049385665,6.46490499379841,-1.482779294,4.499907844,3.86826970405035,7.02316047717183,0.390713789791972,0.920512213100073
3.10185185185185,-2.83331032384528,1.1038035477086,6.44727881820122,6.46832961493551,-1.355857744,4.56645128,3.97874006386516,7.24396902213392,0.450203098808605,0.892926183860194
3.125,-2.80471616042264,1.03887956251363,6.45560720456164,6.47252869142728,-1.261633395,4.615597825,4.11260465776119,6.9883461545407,0.507186209305814,0.861836497886925
3.14814814814815,-2.78336799286792,0.974449747863908,6.46400457503103,6.47747049942329,-1.123093018,4.687403958,4.27365896846541,6.29602566632281,0.561623413303866,0.827392978957952
3.1712962962963,-2.75176366221887,0.910751514942175,6.47257194247885,6.48328591515854,-1.007109732,4.747043871,4.46529801692164,5.7529399001103,0.61315225237335,0.78996475580211
3.19444444444444,-2.72508029123208,0.847670952645136,6.48115479497731,6.48994772545143,-0.877515137,4.813096651,4.69341291622596,5.31763595284069,0.661731121917611,0.749741236884874
3.21759259259259,-2.69498784676981,0.78528697471065,6.48972675800733,6.49751344870878,-0.735373664,4.884733352,4.95271332779056,4.96372414717606,0.707185399089858,0.707028154541329
3.24074074074074,-2.66159785097358,0.723675913345521,6.49824946917407,6.5060380553444,-0.660553113,4.922059633,4.66249005532223,4.67288347292077,0.749376814362797,0.662143783551175
3.26388888888889,-2.64384113065283,0.662475887173001,6.50644685624289,6.51531539353036,-0.64149467,4.931521979,4.41954244997038,4.43079020448404,0.788471803567132,0.615070902400361
3.28703703703704,-2.63929656396038,0.601381059303548,6.5141124397271,6.52514205971079,-0.348895511,5.074150584,4.21422202520402,4.22759847634638,0.82455502332509,0.565781771984005
3.31018518518518,-2.56827277329245,0.541930300662519,6.52187909783193,6.53646097677723,-0.322684373,5.086655337,4.0428152306712,4.0598359259475,0.856714646998038,0.515790668410186
3.33333333333333,-2.56178163624528,0.482629799823508,6.52901752553703,6.54831771623772,-0.178488727,5.154510755,3.89678265680237,3.91857164032187,0.885777470225828,0.46411019514802
3.35648148148148,-2.52562805656981,0.424166187402911,6.5357266118932,6.56112234238519,1.36439e-14,5.235987756,3.77325517546977,3.80112024688385,0.91138221447922,0.411561002927821
3.37962962962963,-2.47968476746414,0.366766077044944,6.54198687834478,6.57498540390287,0.302737975,5.366822169,3.66903513425053,3.70438469153098,0.933491904758429,0.358598471483746
3.40277777777778,-2.3982738352717,0.311250479006248,6.54789320931709,6.59036057303469,0.302737988,5.366822181,3.58173703470569,3.6263478895048,0.951951355983753,0.30624927075945
3.42592592592593,-2.39827383479811,0.255734880978513,6.55293731771394,6.6060397804209,0.587705445,5.482357991,3.50805020690511,3.56293774041587,0.967477664059243,0.252956457807409
3.44907407407407,-2.31803356423774,0.202076696621159,6.55739797625682,6.62310037474072,0.627192439,5.497894589,3.44704038614315,3.51410747316771,0.979651888859258,0.200704201885481
3.47222222222222,-2.30669101820755,0.148681071199688,6.56096929577721,6.64053224652519,0.858812694,5.587403083,3.39694517577043,3.47739571185128,0.988967316115983,0.14813388422083
3.49537037037037,-2.23938903328113,0.0968433620959576,6.56374337735562,6.65905249277214,1.048919436,5.659731561,3.35667573025507,3.45243353366221,0.995314345414588,0.096692056612372
3.51851851851852,-2.18361102523585,0.0462968105858685,6.56562783324406,6.67845042518533,1.119970058,5.686765355,3.32511245251334,3.43805606420389,0.998928494073642,0.046280273635384
3.54166666666667,-2.1627653199,6.27941810573073,6.56654298847492,6.6982034336445,1.242244018,5.733584493,3.30181999572345,3.43348137514835,0.999992904105014,-0.00376719253829463
3.56481481481481,-2.12703105514151,6.2301812757506,6.56646664470677,6.71846871757765,1.375087859,5.785252708,3.28614629644527,3.43836213893692,0.998595615165426,-0.0529792164191308
3.58796296296296,-2.08858750396038,6.18183434278856,6.56536460006133,6.73924095667508,1.62807642,5.887673038,3.27757831028165,3.45235153563684,0.994868385934833,-0.101177540330945
3.61111111111111,-2.01728066248679,6.13513803115692,6.56315549489907,6.76096286135824,1.640740101,5.89298354,3.27486082807908,3.47485594026673,0.989061004018807,-0.147507051795191
3.63425925925926,-2.01379830790377,6.08852232958507,6.55992713126256,6.78260961343417,1.882846064,5.998834245,3.27932731206528,3.50629658155555,0.981112917496348,-0.193435888918793
3.65740740740741,-1.94926987439811,6.04340034175178,6.55549802757016,6.80507416677962,2.061065375,6.082826407,3.28902799385007,3.54595505610664,0.97138906667695,-0.237493749687194
3.68055555555555,-1.9046453189283,5.99931132973955,6.54987922001825,6.82805602727437,2.143307113,6.123544226,3.30418528612989,3.5939595448752,0.959977633833258,-0.280076672609304
3.7037037037037,-1.88498021766604,5.95567752840469,6.54315290744636,6.85111081997464,2.260047566,6.183593685,3.3256579024716,3.65090360242351,0.946846991593792,-0.321684277685102
3.72685185185185,-1.85813221862075,5.91266520852921,6.53526213376752,6.87433655973701,2.413369891,6.266610881,3.35321551615215,3.71697497011166,0.932139143817908,-0.362100285228301
3.75,-1.82483677073585,5.87042361661403,6.52613135944064,6.89784151819924,2.696944719,6.432842107,3.38657492702957,3.79236473794965,0.916016491187373,-0.401140608605977
3.77314814814815,-1.76926461205283,5.82946841726095,6.51549195678786,6.92213691008239,2.99794192,6.627045804,3.42432168885928,3.87674049130474,0.898824167113493,-0.438309384582095
3.7962962962963,-1.71868882053585,5.78968395382263,6.50323617746002,6.94726936454072,3.320271818,6.854029869,3.46633502740753,3.97052880455606,0.880679625980184,-0.473712356165007
3.81944444444444,-1.67353447320943,5.75094472990574,6.48923452469908,6.97329986629169,3.468998348,6.964871677,3.51258873872268,4.07436307796021,0.861672219221696,-0.507465256565962
3.84259259259259,-1.65559284071509,5.71262082155585,6.47385256337001,6.99941832185671,3.667572753,7.11831398,3.56534592672911,4.18983275536573,0.841596226511479,-0.540107203730555
3.86574074074074,-1.63421895844717,5.67479167899921,6.45692884443596,7.02578889772583,3.990095863,7.378722667,3.624579570403,4.31783181668648,0.820567198071881,-0.571550062066712
3.88888888888889,-1.60480250529057,5.63764347285822,6.4380519916229,7.0528901566518,4.037227484,7.41778873,3.68954198981794,4.45926939985555,0.79877389970933,-0.601631329921531
3.91203703703704,-1.60098277876604,5.60058368631271,6.41803097476625,7.07947166083115,4.342334198,7.676190383,3.76388656252972,4.61633085379059,0.775934208071872,-0.630813843177112
3.93518518518518,-1.57886396685849,5.5640359093021,6.39600615564883,7.1065633468565,4.42036319,7.743715625,3.84578168046522,4.39234740378861,0.752366331100075,-0.658744945959369
3.95833333333333,-1.57388954940566,5.52760328084363,6.37272757479409,7.13315029917898,4.591752427,7.893969069,3.93866982134278,4.18083382048103,0.727872563799634,-0.68571242577902
3.98148148148148,-1.5638799568717,5.49140235591605,6.34785529229374,7.15955182166928,4.807835067,8.087067951,4.04289559747079,3.9915963735424,0.702577672326658,-0.711607064571492
4.00462962962963,-1.55299519600755,5.4554533930455,6.32119786028878,7.1858710046295,5.190498311,8.438818995,4.15954253494328,3.82147418247085,0.676547714497376,-0.736398798212203
4.02777777777778,-1.53835564468679,5.41984330867775,6.29204057054304,7.21265852490563,5.559208117,8.789942043,4.28887008581508,3.6674639874489,0.649901120650207,-0.760018771727123
4.05092592592593,-1.53002682155849,5.38442602114168,6.26035872455389,7.23975004945551,5.692010444,8.919608903,4.43355690498033,3.5272277541199,0.622581374210812,-0.782555066743406
4.07407407407407,-1.52854191171509,5.34904310651864,6.22714074324505,7.26617745032562,5.904819683,9.131410381,4.59845913823376,3.3998987330662,0.594508392375195,-0.804089405100864
4.09722222222222,-1.52806465131698,5.31367123959001,6.19201679885769,7.29214655224282,6.218188204,9.454197294,4.78672794214963,3.28379528659432,0.56570030310541,-0.824610918595217
4.12037037037037,-1.53252505960377,5.27819612246955,6.15447248553914,7.31790273488029,6.490168877,9.74927607,5.00300419776522,3.17725246170633,0.536097344535064,-0.844156168716697
4.14351851851852,-1.54346397253396,5.242467789772,6.11464765296084,7.34319424820801,6.711616898,10.00761999,5.25474431677015,3.07940040888864,0.505601336931461,-0.862767227062502
4.16666666666667,-1.56093731338113,5.20633498159189,6.07274224530154,7.36775177597751,6.873387462,10.22020235,5.55204927653776,2.98959817072867,0.474103901625302,-0.88046890374599
4.18981481481481,-1.58500101299623,5.16964514332808,6.02901951445667,7.39129504615443,6.966335767,10.37799643,5.90889454778469,2.90738904222845,0.441487816841071,-0.897267244237136
4.21296296296296,-1.61571099323207,5.13224442589216,5.98380900763332,7.41354024465456,6.981317008,10.47197551,6.34514030250534,2.83246539571546,0.407628457691344,-0.913147874377516
4.23611111111111,-1.65312317736226,5.09397768567544,5.93750927756516,7.43420840595546,6.981317008,10.47197551,6.39766669737462,2.7646406373876,0.372395375113557,-0.928074180544871
4.25925925925926,-1.65312317736226,5.05571094545872,5.89045273256499,7.45309012909164,6.912580897,10.49536579,6.25551433226434,2.70475495242878,0.336617044364247,-0.941641633236062
4.28240740740741,-1.69675284555283,5.01643425921907,5.84283231723215,7.47011342425506,6.767955205,10.45040506,6.12370707896839,2.65150247204345,0.299382380615747,-0.954133214062296
4.30555555555556,-1.74395266717925,4.97606498451585,5.79510568569798,7.48508880961727,6.558662219,10.34158402,6.00256376330959,2.60494210081261,0.260631260479758,-0.965438421682467
4.3287037037037,-1.79153466424717,4.93459427469531,5.74770576774877,7.49788496531637,6.295924225,10.17339338,5.89258186909128,2.56518309800891,0.220381231768844,-0.975413816123212
4.35185185185185,-1.8363108639717,4.89208707877004,5.70103719849595,7.50842908167685,5.990963511,9.950323826,5.79433940573573,2.53234754511579,0.178732541272132,-0.983897697268576
4.375,-1.87509328125472,4.84868214170396,5.65547199512217,7.51670634933911,5.712672433,9.725750953,5.70840918028905,2.50653814306084,0.135871593387536,-0.990726455743629
4.39814814814815,-1.90053341230189,4.80468831271549,5.61103786462039,7.52280019701732,5.655002363,9.676866064,5.63502368229076,2.48778922765616,0.0921683359084487,-0.995743439775461
4.4212962962963,-1.90469394141698,4.76059817518269,5.56668695653211,7.52690542054301,5.299263068,9.357510795,5.57316206902848,2.47597125740586,0.0481905229236876,-0.998838161816188
4.44444444444444,-1.92192486693774,4.7161091736332,5.52415714159076,7.52895733856159,4.934967913,8.996748717,5.52419536853063,2.47105976095184,0.00372018466737414,-0.999993080089078
4.46759259259259,-1.92359807887547,4.6715814403259,5.4836844948759,7.52910790532325,4.573339184,8.599070531,5.48825353248366,2.4729508562477,-0.0407962151728699,-0.999167487875566
4.49074074074074,-1.90652560018302,4.62744890328463,5.44544928278591,7.527546753706,4.225599168,8.168966937,5.46515246891585,2.4813992861852,-0.0848379760912649,-0.996394760028744
4.51388888888889,-1.86751945286604,4.58421928632014,5.40957173578727,7.52449196197426,3.902970152,7.710928634,5.45431070380434,2.4959813176768,-0.127819064875158,-0.991797502847451
4.53703703703704,-1.8033916584566,4.54247410904105,5.37610903220644,7.52017941685531,3.667070838,7.321303363,5.45466069759678,2.51605385808542,-0.169098446947141,-0.985599165604388
4.56018518518518,-1.73058936561321,4.50241417002222,5.344646494667,7.51478141488797,3.616674422,7.229446323,5.46467163844108,2.54102933298576,-0.208435263535728,-0.978036165443176
4.58333333333333,-1.71095423990755,4.46280874780214,5.31382956776669,7.50821383128853,3.377849402,6.728954381,5.48373663001771,2.57145979434893,-0.246997219604601,-0.969016188465186
4.60648148148148,-1.58703273533774,4.42607187892858,5.28537808887408,7.5009616963255,3.195680671,6.212591766,5.50967412647735,2.60509020382388,-0.282421178820144,-0.95929050748657
4.62962962962963,-1.42876355631132,4.39299864845841,5.25915885419114,7.49324258818346,3.077401959,5.682202017,5.53929762650252,2.64028445735712,-0.313987783661683,-0.949427022846529
4.65277777777778,-1.23359398973208,4.36444323202943,5.2349983474112,7.48525239642209,3.030162135,5.139572354,5.56870210441103,2.67504960704182,-0.340967377366755,-0.940075128684743
4.67592592592593,-0.998984839564151,4.34131858296545,5.21268675928079,7.47715993289701,3.061110068,4.586489991,5.59337319699472,2.7070849761909,-0.362613185398485,-0.931939739347542
4.69907407407407,-0.722396906930189,4.32459643234206,5.19198186687558,7.46910376073115,3.177394626,4.024742147,5.60842992306712,2.73389903209259,-0.378145798167659,-0.925746053368927
4.72222222222222,-0.40129099579434,4.3153072889209,5.17261259866898,7.46119186377058,3.386164679,3.456116039,5.6090316456732,2.75301018716687,-0.38672874771851,-0.922193513145735
4.74537037037037,-0.0331279082264149,4.31454043919343,5.15428173489341,7.45350467893197,3.694569094,2.882398884,5.59095379260114,2.76223505144908,-0.387435817783864,-0.921896679188155
4.76851851851852,0.384631552283019,4.32344394734813,5.13666733073312,7.44610205862247,4.10975674,2.305377898,5.55129564950408,2.7600468588693,-0.379212455235481,-0.925309631309584
4.79166666666667,0.854526583664151,4.34322465530332,5.11942274216207,7.43903484290323,4.282421955,2.102066868,5.48923695608219,2.74596283440298,-0.360836183209442,-0.932629212970965
4.81481481481481,1.03258325818302,4.36712704553904,5.10212477274841,7.43234222254169,4.615393595,1.750029088,5.42210005910725,2.72868618605428,-0.338443166096582,-0.940986834829543
4.83796296296296,1.35699337973019,4.39853892932909,5.08472391031033,7.42608368335881,4.638876485,1.7268403,5.34585827054407,2.70610402289568,-0.308722899328377,-0.951152023301365
4.86111111111111,1.37909638195283,4.43046245668911,5.06713425910253,7.42037447180691,5.2890772,1.148573306,5.2754004785969,2.68565170176504,-0.278206630647538,-0.960521249459763
4.88425925925926,1.96088014602641,4.47585320081009,5.04917061874362,7.41517145952454,6.067507751,0.572364134,5.19378854942385,2.65886298749912,-0.234336277992833,-0.972155599076848
4.90740740740741,2.60241707144717,4.53609433672322,5.03041827908888,7.41065124333433,6.981317008,-1.61477e-16,5.10961576127639,2.63011473091591,-0.175382861297837,-0.984500305720107
4.93055555555555,3.30624635661887,4.61262781720051,5.01045126183304,7.40709423822466,NaN,NaN,5.03548780390503,2.60586215847515,-0.0995957701751249,-0.99502798079412
4.9537037037037,NaN,NaN,NaN,NaN,NaN,NaN,NaN,NaN,NaN,NaN
4.97685185185185,NaN,NaN,NaN,NaN,NaN,NaN,NaN,NaN,NaN,NaN
