0,0,1.81473394839585,4.0251511985707,5.74977653309221,5.99532427246224,5.28351023990086,-0.246230657526572,1.0231790351782,0.100210319780514
0.01,-0.065056358490566,1.8173446038791,4.0226868908559,5.75203103442363,5.88900120801169,5.85530688974976,-0.251776987285218,1.00994952421555,0.333508807255257
0.02,-0.130117452830189,1.82063308191129,4.02002142636225,5.75426624740889,6.37552903988273,5.98282779835039,-0.270204995473175,1.08368404865391,0.347133968108906
0.03,-0.195173811320755,1.82409831208905,4.01738988783276,5.75642360638201,5.74535835990874,5.64547418019698,-0.233429722428314,0.904950394706135,0.400040812541211
0.04,-0.260234905660377,1.82874998372472,4.01504536703576,5.75805099068473,4.66032753702371,5.50433769176922,-0.247834538930645,0.918762033103434,0.560596355644957
0.05,-0.325291264150943,1.83483118184604,4.01312665157549,5.75904012285693,4.53773096144946,5.9697459425108,-0.254177194387882,0.945890205622458,0.603768833452925
0.06,-0.390347622641509,1.84095362079617,4.01122418917869,5.75981252056282,4.50511530488138,6.27028173596701,-0.276396056874447,0.941493636158884,0.610224420427163
0.07,-0.455408716981132,1.84687126144524,4.00916727366727,5.76039120074168,4.60189432650645,5.50106072586542,-0.280442850841542,1.03293382911215,0.622391357473287
0.08,-0.520469811320755,1.85257160422271,4.00693987925767,5.76074841016692,4.59655306762153,5.9102262549051,-0.281032903580489,1.02993457888077,0.606197184965031
0.09,-0.585540377358491,1.85803114047302,4.00451513578228,5.76084780743062,5.98044142796275,5.70845841851026,-0.282495357652192,0.989449009745327,0.511419621389355
0.1,-0.65056358490566,1.86325232244086,4.00188745035905,5.76068427164154,5.42217583685187,5.78793950445981,-0.317181966590199,0.899518660663122,0.510676740262017
0.11,-0.715634150943396,1.86813913041213,3.9990943622889,5.76028627029141,6.54828434503346,5.74697236535515,-0.296533773658823,0.993537732405805,0.448680930132488
0.12,-0.780704716981132,1.87079128660022,3.99665504342231,5.75981517197994,6.06101693721949,5.68391966115118,-0.301353289980715,0.921998746514628,0.160814321910263
0.13,-0.845775283018868,1.87155008219911,3.99455685244427,5.7596083503247,5.62439112713372,5.80438736435375,-0.303369658614406,0.941209263720472,0.0135598562314959
0.14,-0.910798490566038,1.87112670484892,3.99259540604109,5.75962090984351,5.43564471197778,5.65403959062334,-0.295366002675335,0.971693942405281,-0.109087526833219
0.15,-0.975869056603773,1.86907406156108,3.9907047705613,5.75984981369982,5.69616533108971,5.78180354274977,-0.283367954849421,0.831949803353785,-0.248782681460401
0.16,-1.04093962264151,1.86699509677715,3.98926096233771,5.76007134426095,6.25686101805229,5.68014389315901,-0.285149579331282,1.0151728399602,-0.198063041813799
0.17,-1.10601018867925,1.8654140464694,3.98800109724777,5.760124854906,5.42762663437794,5.64121879291018,-0.263190620671715,1.00385099182795,-0.135135008618197
0.18,-1.17103339622642,1.86427837600271,3.98698643802126,5.76004532785858,6.15001069304074,5.58842982786112,-0.276955918951228,0.954051883106793,-0.0815407124525989
0.19,-1.23610396226415,1.86383075883271,3.9863224157288,5.75976210969082,5.93048801610638,5.59842822133318,-0.27096518062406,0.870844046516734,-0.0136837674167457
0.2,-1.30117452830189,1.86379380784889,3.98601253244711,5.7593228265021,6.01573804696144,5.42092501711492,-0.296883125948657,1.04592569023609,-0.021163761798715
0.21,-1.36624509433962,1.86323212691518,3.9861713418776,5.7589045214442,5.76382507151222,5.9711451004122,-0.290467774860539,0.907393098778454,-0.085718639588972
0.22,-1.43126830188679,1.86169401299257,3.98665620198323,5.75852042064916,6.14854100383004,5.61104814842563,-0.270742600232222,0.919346777440595,-0.210348991496716
0.23,-1.49633886792453,1.85906134327383,3.98736639594614,5.75827299411315,5.61574907244845,6.03199311608974,-0.272715594853436,0.917719904274078,-0.332922491625297
0.24,-1.56140943396226,1.85562974836535,3.98824672814667,5.75805723526839,5.84730181486764,5.2056708728924,-0.280147813950102,0.919835835275368,-0.380387420665077
0.25,-1.62643264150943,1.85173057252426,3.9892525109964,5.75775030826489,6.01883926526626,5.61541668480201,-0.259786665030799,0.941134085594251,-0.392964792421256
0.26,-1.51651358490566,1.84709981513456,3.99042268754854,5.75740438123257,6.02119336395668,5.65268070905011,-0.252406532176917,0.909723477438116,-0.461941333410256
0.27,-1.40659452830189,1.84177474901183,3.99178075918111,5.75704378674094,5.97816497937845,5.27037668975264,-0.27589512927329,0.945400074668018,-0.630294000349815
0.28,-1.29662811320755,1.83595077131562,3.99329647671007,5.75662445539891,6.37017917819275,5.51117096697201,-0.27566237575344,1.0134714882521,-0.601984336975449
0.29,-1.18670905660377,1.82970000074841,3.99494598177153,5.75611659242259,6.19062709572503,5.6214248638954,-0.278175782560382,0.912648791769094,-0.702494175179538
0.3,-1.07674264150943,1.82266281024411,3.99677240881795,5.75558448044385,5.84035461596226,5.43761849610015,-0.251867886387707,0.99921688044534,-0.740997739626423
0.31,-0.96682358490566,1.81466672153284,3.99880548000047,5.75509570407482,5.94184528077347,5.67039290039402,-0.248100935321244,0.928670001066599,-0.808941429294961
0.32,-0.856857169811321,1.80607472812906,4.00101336614109,5.75459492732389,6.22161894686021,5.74861725659424,-0.228409521243939,0.912164607716016,-0.859916538472713
0.33,-0.746938113207547,1.79737876976667,4.00330788125397,5.75404062767923,5.88884790203467,5.25172526200487,-0.223044728533945,0.980951319458576,-0.855538422824811
0.34,-0.636971698113207,1.78922030798536,4.00553569717133,5.75345676966205,5.77406895526659,6.06981247081471,-0.209845407952177,0.9066616192913,-0.760852856395229
0.35,-0.527052641509434,1.78216694825527,4.00751850379295,5.75297554019429,5.62701037110472,5.61050959080928,-0.196073148795539,1.00883928143882,-0.665647080446002
0.36,-0.417105169811321,1.77622785635706,4.00920553596389,5.75265096249047,5.95042988769091,5.49235171994091,-0.196037411214169,1.00379319596584,-0.536988163352991
0.37,-0.307162433962264,1.77129592138585,4.0106094889566,5.75243029719661,5.48149227239919,5.21233291979505,-0.187019772809593,1.09703651286783,-0.482745589014898
0.38,-0.197224433962264,1.76727834516628,4.0117346718346,5.7522462038842,6.15286612203102,5.59697709769608,-0.210152111464541,0.950058506904282,-0.337560481950154
0.39,-0.0872816981132075,1.76415703936274,4.01257479079767,5.75207991074933,6.02796285656196,5.28260476794618,-0.183980968264944,1.04399841240661,-0.297845074021068
0.4,0.0226581962264151,1.76199674406991,4.01312261953445,5.75195234279812,5.91882166693048,6.0706524548929,-0.191513779605144,0.913370968410666,-0.156175956579249
0.41,0.132599037735849,1.76086975915866,4.01337360486664,5.75189279920295,6.03604666557302,5.4374713817901,-0.183651581339739,1.04079529838395,-0.0636883863663995
0.42,0.242541773584906,1.76079198046424,4.01332822984693,5.75191060969697,5.73420939772371,5.75053651234489,-0.190300225056544,0.998845908424937,0.0347048342794528
0.43,0.352479773584906,1.76169182677247,4.01299541200356,5.75199921559489,5.53868560430828,6.07149805948262,-0.189828742924499,1.02143505375909,0.129451698020226
0.44,0.462422509433962,1.76351139292468,4.01238180014841,5.75214104000203,5.74539670758128,5.73580260024483,-0.185913820434055,0.93625836074977,0.227695713542245
0.45,0.572374716981132,1.76621893332111,4.01150422017393,5.75231997190935,5.88810257799861,5.43821100291438,-0.182198302883135,0.984151106263492,0.314698523758699
0.46,0.682293773584906,1.76982097438787,4.01043183126402,5.75251803849875,5.54950412867251,5.4303604365067,-0.212840017692339,1.03770604012242,0.401698234551621
0.47,0.792260188679245,1.77430511180861,4.00923787439245,5.75271790569402,6.49746105675007,5.632676820185,-0.196024884896056,1.02144890595864,0.49632864760075
0.48,0.902179245283019,1.77978215990403,4.00789192478037,5.75295940516728,6.34568261827258,5.1714584641808,-0.202443705745113,1.0779160240292,0.606740104299299
0.49,1.01214566037736,1.78642970772458,4.00629583667348,5.75331640914964,5.74288361699778,5.56078277097858,-0.228269880369787,1.0823526378483,0.697170261754183
0.5,1.12206471698113,1.79425769742537,4.00440281708142,5.75381113289815,5.68574965624808,4.97998930580919,-0.223546843440807,1.00285852909256,0.817019729113296
0.51,1.17916106037736,1.8029774314492,4.00224758073969,5.75436359541338,6.12874410816336,5.09286783800223,-0.224858910448175,1.01932970785053,0.999273423812689
0.52,1.23630476226415,1.81242994190287,3.99986232856242,5.75490523352887,6.07635432014166,5.54869320577762,-0.242573394844354,0.979053589681876,1.01338467286239
0.53,1.293403,1.82296025432982,3.99718963162585,5.7555283763977,6.22844868520549,4.86747354295009,-0.247993798466871,0.995315576364528,1.04284027251032
0.54,1.35049839622641,1.83486617063862,3.99425265705316,5.75633228657,6.17551484610223,5.92590354510338,-0.270857584993598,0.925549463686961,1.29645677369797
0.55,1.4076411509434,1.84785025806326,3.9911745771976,5.75723437666262,5.90745108907356,5.25197085969379,-0.283112195721758,0.929491968585945,1.31453882367627
0.56,1.46473654716981,1.8616284939587,3.98809481822268,5.75814350629515,6.24692828756321,5.55496579195669,-0.297130729645577,0.952624345823403,1.40482201942281
0.57,1.52183194339623,1.87595899027214,3.98508767742928,5.75899481262364,6.48699081472903,5.94420829702437,-0.302837656126992,1.00349688848898,1.52081608599841
0.58,1.5789320754717,1.89087419819177,3.98211755168228,5.7598571900227,6.00466655782878,5.86077071061115,-0.311094160444504,0.882304790609455,1.3726025964069
0.59,1.63607483018868,1.90642058042067,3.97912712042473,5.7608254845393,6.29240337783473,5.86243178728326,-0.32723108902855,0.98498776195176,1.61576405421294
0.6,1.69317022641509,1.92252204477157,3.97608781160467,5.76188297042749,6.403837167987,5.92810958454108,-0.364285505407568,0.915933270560797,1.68201281119232
0.61,1.75026562264151,1.93913766322824,3.9730248383488,5.76296809225403,6.26546341422059,6.18236860808316,-0.378364505039044,0.924672644241451,1.76584949008896
0.62,1.80740837735849,1.95640144121743,3.96993838611329,5.76411162777861,6.63750063600735,6.25220555249553,-0.393521864321358,0.974831708266713,1.79964538280862
0.63,1.86450850943396,1.97419434772957,3.9668356663117,5.76536042443297,6.21470456131861,6.03547238321573,-0.359077852183854,0.874313239346366,1.74621594349707
0.64,1.92160390566038,1.99249357215781,3.96373796161923,5.76669528022647,5.96465753297711,6.14179570207348,-0.410400129508678,0.883315475430426,1.75425714437221
0.65,1.97874666037736,2.01139440607434,3.96064229901254,5.76806765548453,6.53441094519617,6.19439509182344,-0.445807754646917,0.964623686693611,1.83942557532906
0.66,2.03584205660377,2.03084204387172,3.95755617074891,5.76955254698205,7.10245864432992,6.08696115411322,-0.468295403422912,0.923225040952445,2.11823001558579
0.67,2.09293745283019,2.05087015352587,3.95448033210831,5.77114988950262,6.06797771180425,6.06364331010442,-0.436346203567831,0.949858836252496,1.966528381711
0.68,2.15003758490566,2.07142241449714,3.95142087325577,5.77276394533105,6.60141504021559,6.42127944169389,-0.504449354596157,0.928590090789891,2.1896176850466
0.69,2.20718033962264,2.09257652739557,3.94837837725103,5.77441024015715,6.64955970182361,6.10680058587865,-0.500709900477246,0.826203171136535,2.07417518834803
0.7,2.26427573584906,2.11430981237008,3.94533363591622,5.77614563233604,6.80645420235051,6.2882109343004,-0.487171978143537,0.817383232054222,2.06316091050573
0.71,2.32137113207547,2.13657327091265,3.94226170984918,5.77792434746062,6.2858239886407,5.79176865310073,-0.534296219971924,0.810573615052887,2.23189503068302
0.72,2.37853283018868,2.15944188753493,3.93915865366647,5.779754838865,6.65921666946822,6.92804300809504,-0.566112424872152,0.836329427194487,2.26588790479082
0.73,2.43559981132075,2.18279581875613,3.93608368969933,5.78175157640668,7.15763319106292,6.45349774491617,-0.568367287550719,0.804122032911547,2.14249087382428
0.74,2.4927141509434,2.20654822912005,3.93304735748187,5.78387614522224,7.53335041015549,6.39407057994859,-0.581894377572968,0.798231029066094,2.3481671444083
0.75,2.54982849056604,2.23082158823272,3.9300334621137,5.78608202742399,7.62612669199346,6.66151252309713,-0.613298703162251,0.888814983783566,2.34118898788302
0.76,2.50104924528302,2.25572824573931,3.92708058393737,5.78842609200036,7.47840825460082,5.99675028248954,-0.644054425231353,0.734555586037533,2.43573326602181
0.77,2.45227,2.28077746023173,3.92425079647044,5.79081152102632,7.18191098065181,5.77079409964365,-0.690831698492757,0.693837078235118,2.63148765988158
0.78,2.40349075471698,2.30558536941183,3.9215622929016,5.79317456565641,8.55690180149552,5.71555915294891,-0.604824456775315,0.699341448448597,2.51638228701252
0.79,2.35471150943396,2.3299492476802,3.91901962775717,5.7955179775918,8.51107641540287,5.22074245431609,-0.663467011538421,0.719491762263106,2.30796627909446
0.8,2.30597962264151,2.35401199950754,3.91657416748168,5.7977955591856,8.20999047301614,5.4702603441964,-0.761090906397079,0.731286283418138,2.43977803929436
0.81,2.25720037735849,2.37752458695125,3.9142878707893,5.79999102198999,6.90209556834608,4.75821051320629,-0.760217316289404,0.70087544743981,2.34963150307783
0.82,2.20842113207547,2.40037005151187,3.91221073848229,5.80217257509892,7.32757091735819,5.14333526974897,-0.755756684119881,0.684530278129849,2.28822788609141
0.83,2.15964188679245,2.42285102154239,3.91028414134304,5.80432484303668,7.84776074641255,4.87399165963499,-0.729717478821442,0.698456039522336,2.24847884161209
0.84,2.11086264150943,2.44484943404474,3.90851332968433,5.80640150986831,7.27417938248718,4.31970560270525,-0.780146502549157,0.681693250103426,2.16959926446571
0.85,2.06213075471698,2.46629983642466,3.90689719113109,5.80847007035385,7.02564251087843,4.33660690358198,-0.782704101017651,0.609965886136982,2.08174912209895
0.86,2.01335150943396,2.48727796344411,3.90537173680586,5.81050760183154,7.15825057984389,4.61573731096296,-0.81080367758459,0.605522065269634,2.19819182516456
0.87,1.96457226415094,2.50782387803574,3.90391753386102,5.81244955260894,7.31329214587918,3.97083279844449,-0.834129785974733,0.613723601788461,1.89913789779972
0.88,1.91579301886792,2.52790510442334,3.90255214758699,5.8143010610894,7.24923588596201,4.41504525464508,-0.809654069046242,0.598203732508908,2.04361283087063
0.89,1.86701377358491,2.54740506445644,3.90134619127787,5.81608298429261,6.47548879395341,4.16557133857975,-0.848913768672964,0.563499814538489,2.02252267309046
0.9,1.81828188679245,2.56642565211647,3.90028691693011,5.81777955416201,6.6319809570064,4.09610461366764,-0.858149502304591,0.520526860912757,1.81927913973377
0.91,1.76950264150943,2.5850800107424,3.89929856856527,5.81935058249461,6.71211868540583,4.61351570246937,-0.911329164887328,0.518026949705015,1.81179607232623
0.92,1.72072339622641,2.60323811972117,3.89836409596562,5.82080497687488,6.64489294881331,4.17661152087673,-0.832642047026962,0.505481505890391,1.81907728793464
0.93,1.6719441509434,2.62066463355152,3.89751048764396,5.82218330900651,6.17995127518807,4.25079627648453,-0.807657065539428,0.530539871058419,1.6488867338672
0.94,1.62316490566038,2.63755179363109,3.89677090383804,5.82352940703344,6.5226920124086,3.83896569128446,-0.866020521428178,0.488559571168652,1.78443846114994
0.95,1.57443301886792,2.6541523039743,3.89613354606092,5.82479794225788,6.99725439066499,4.02081001650494,-0.889462976430767,0.486627040236583,1.55702246837477
0.96,1.52565377358491,2.67048843140771,3.89559035195436,5.82593138103993,6.0773014864555,4.25675288926382,-0.817423604901956,0.466918545722053,1.60295106825116
0.97,1.47687452830189,2.68633350887147,3.89514471015342,5.82691265395844,5.90688747238945,4.05854116550572,-0.863510099571516,0.456121597442769,1.54426904797137
0.98,1.42809528301887,2.70156630508253,3.89478620318827,5.82779748956727,5.69404538481901,4.02881449816621,-0.970003862971851,0.390831511325497,1.5350811695615
0.99,1.37931603773585,2.71626865307024,3.89446565231073,5.82859628417012,6.07563186619385,3.87621219550736,-0.891044406531076,0.402371812366331,1.52911968029269
1,1.3305841509434,2.73033999076455,3.89414800912546,5.82929527689888,6.82703347157264,3.69601003746905,-0.889662397832028,0.404793091456318,1.42780662014876
1.01,1.3305841509434,2.74390233605331,3.89383550618915,5.82984730563325,5.90071711322464,3.99512295999794,-0.865673435551173,0.414982025233476,1.37521141709815
1.02,1.3305841509434,2.75727386251157,3.89356559004396,5.83026104060128,5.82480577553614,3.4741568858361,-0.898404260520723,0.363315779346205,1.3917136846583
1.03,1.3305841509434,2.77058177588859,3.89337407270032,5.83060325978915,5.96026820283038,3.8836465245849,-0.878283850151729,0.345190547573694,1.30225246257644
1.04,1.3305841509434,2.78393236793821,3.89324635377853,5.83097169319738,5.74100867771692,4.27044059209716,-0.870108386600897,0.366107782932953,1.32067594344026
1.05,1.3305841509434,2.79731424253106,3.89313400316579,5.83142134178265,5.74508032086558,3.92304957741505,-0.947917942257826,0.358108856035121,1.39577047888182
1.06,1.3305841509434,2.8106828145397,3.89299786890611,5.83194536051071,6.13794550903914,3.95638839802509,-0.893841574796616,0.3510054195851,1.36981608094378
1.07,1.3305841509434,2.82401759572082,3.89282974858705,5.8324973481412,6.65479024303537,3.81477757869336,-0.980238332242093,0.316138054712573,1.24139930499941
1.08,1.3305841509434,2.83728630886954,3.89265987789154,5.83300799064453,6.17460239384679,3.79021285594479,-0.989299499591121,0.294799367338052,1.21052707505923
1.09,1.3305841509434,2.8506021974265,3.89248840049513,5.83345648370408,5.66791120698583,3.65634763107881,-0.941124044769833,0.275329856199393,1.34876313962485
1.1,1.3305841509434,2.86396261601991,3.89231321316152,5.83384253603633,5.81346705928256,3.48258743192724,-1.06763760017031,0.290779257834094,1.44208903598166
1.11,1.3305841509434,2.87731071976639,3.89217461819826,5.83419353158666,5.51798764346514,3.36607014543965,-1.04041192074604,0.248412480940994,1.37404101239237
1.12,1.3305841509434,2.89056526773319,3.89210375916349,5.83458204737864,5.54975560624334,3.96779065218985,-1.02422152259987,0.257236437649948,1.26765078954912
1.13,1.3305841509434,2.90378916481774,3.89205193146734,5.8350622035361,5.96236431252662,3.60582345667883,-1.03151369510534,0.253327620141086,1.33235651364361
1.14,1.3305841509434,2.91705131592381,3.89195310790842,5.83559868472894,5.63349443850882,3.71016733172797,-0.965805357535002,0.213915073923613,1.24194828529346
1.15,1.3305841509434,2.9303586823106,3.89181382316183,5.83614572168675,5.28080766322947,3.72433188529982,-1.0367120532285,0.204824336616391,1.36981441400451
1.16,1.3305841509434,2.94371934112237,3.89168481158636,5.83665903627061,6.00892392121485,3.58912716807295,-0.996408628494791,0.201127208641746,1.32276887249463
1.17,1.3305841509434,2.95709009511693,3.89158518274315,5.83713228451998,5.44363455837459,3.6145014524223,-0.999041768360319,0.175706924738176,1.40712879647569
1.18,1.3305841509434,2.97036726604169,3.89154984865582,5.83757608246098,4.7604424878616,3.516647409331,-1.03515671055981,0.165377246019278,1.37573823427673
1.19,1.3305841509434,2.98362165264384,3.89155470351364,5.838035403932,5.22069734862311,4.02560410915781,-0.9982535522467,0.171266442730765,1.34806474068887
1.2,1.3305841509434,2.99690444141683,3.89150752503717,5.83852096554971,6.53505837658753,3.32174385044439,-1.10548199602594,0.140660767074965,1.32678027044293
1.21,1.3305841509434,3.01018587864856,3.89138933934252,5.83902986885719,5.45736032220182,3.28727735874896,-0.965845212141166,0.135699313394487,1.38083602615415
1.22,1.3305841509434,3.02336387755675,3.89126236206513,5.83954627174028,5.86170603261938,3.57198272412443,-0.949026764541373,0.114968147580578,1.41132217778863
1.23,1.3305841509434,3.03651800631325,3.89118804901697,5.8400369759865,5.84483737345899,3.54196253292707,-0.914634861369462,0.10174498528803,1.29402588493335
1.24,1.3305841509434,3.04966757540176,3.89121141717021,5.84050301068692,5.73000648686963,3.70019339563875,-0.957484916110463,0.105098452445008,1.26047037248196
1.25,1.3305841509434,3.06282115220442,3.89126045355342,5.84095408663404,6.26655919016983,3.45601431007342,-1.03728013498287,0.0765630289663701,1.37228639018931
1.26,1.33423075471698,3.07602601811415,3.89123901477983,5.84139838265085,5.57742098563151,3.53585176556817,-0.943321290477565,0.0626333143743654,1.44745788309393
1.27,1.33787735849057,3.08925331608027,3.89115846842238,5.84184898753089,5.89457266030171,3.86437648345235,-0.969530131850065,0.0590510830125513,1.3716346582524
1.28,1.34152396226415,3.10245562107167,3.89108810024222,5.84229960476059,5.07866173450601,3.09196619947117,-1.03646689810441,0.0377736940187485,1.33042491111082
1.29,1.34517056603774,3.11568966421756,3.89104540504836,5.84271669917562,5.71294484340556,3.4474797426986,-0.956009909869893,0.0256264783190452,1.43653186363355
1.3,1.34876981132075,3.12905244420878,3.89100064439929,5.8430490395011,5.64549313981184,3.75148231565775,-0.964456399715929,0.0127318784973508,1.27802760600153
1.31,1.35241641509434,3.14262612925044,3.89095986150312,5.84326266809413,5.90427688390741,3.44219600027178,-0.966867562769455,-0.000952114587536557,1.41381364322422
1.32,1.35611037735849,3.15608843763234,3.89094721242622,5.84338641737599,5.50769594117094,3.73751439391652,-0.95960349399824,-0.0149736403786494,1.30870460455486
1.33,1.35975698113208,3.16963582470791,3.89091707032512,5.84348024136727,5.19652457306437,3.48584786631644,-1.08780416944881,-0.0287585302915655,1.3658160048475
1.34,1.36335622641509,3.18312236160148,3.89093945488815,5.8435708584506,5.79653062977053,3.56629783252528,-0.993720149202973,-0.04013390424556,1.34945486898081
1.35,1.36700283018868,3.19656275517668,3.89101681341413,5.84364594953669,5.68903059531465,3.53573208700327,-0.968385491776981,-0.0569335148394588,1.32961827930205
1.36,1.37064943396226,3.21007149280135,3.89108361921084,5.84366026838295,5.31308138227878,3.28910112110569,-1.00373006200613,-0.0681323130203833,1.41102807688048
1.37,1.37424867924528,3.22373160083965,3.89111144571378,5.84356968712136,5.26783567877984,3.49522752992372,-0.994580685919729,-0.0848885341002702,1.22715380707834
1.38,1.37794264150943,3.23749097975974,3.89112310226176,5.84337608928701,5.21866256878263,3.53277167874829,-0.970755739780185,-0.0953776554883652,1.36077153374573
1.39,1.38158924528302,3.25129724774699,3.89108568122101,5.84313221434571,5.62927788625459,3.46549341109322,-0.937768271823134,-0.106176411391222,1.22164323869689
1.4,1.3852358490566,3.26509437852655,3.89103712200209,5.84287118536952,5.15822074770766,3.51557582619777,-0.924886067733095,-0.125246963347376,1.46259487662049
1.41,1.38883509433962,3.27885812155175,3.89104112372598,5.8425709990678,5.62721369558019,3.40980242370905,-0.907775650809991,-0.134294438210408,1.4793709797822
1.42,1.39248169811321,3.29268851270375,3.89105994049183,5.84221292774118,5.7009710972026,3.78165596475794,-0.976329324296186,-0.149361783747448,1.33810798803777
1.43,1.39612830188679,3.3065814667589,3.89104531399753,5.84177032449602,5.718330358514,3.6052404340808,-0.972160690185951,-0.173833211674915,1.45115787347868
1.44,1.39977490566038,3.32050865323467,3.89097818482638,5.84125569707406,5.21408588429578,3.39806217462171,-1.0318468163621,-0.175641099825487,1.34147172648368
1.45,1.40342150943396,3.3345103500352,3.89084099287335,5.84071594060686,5.77522065458938,3.55442070714233,-0.936680387185201,-0.209029131662425,1.39132924997881
1.46,1.40706811320755,3.34858288563168,3.8906676136456,5.84014951387298,6.26661471557217,3.39374244184929,-0.979385106246758,-0.20350128472777,1.33802470830501
1.47,1.41071471698113,3.36264992287426,3.89053976359634,5.83948221092899,5.89419906595083,3.71906918724294,-0.939414201944265,-0.208325264204136,1.35124577064962
1.48,1.41436132075472,3.37675505184674,3.89044775801093,5.83871146772976,5.45299595997411,3.27257330590666,-0.952009214900403,-0.234633784899077,1.37691981260307
1.49,1.41796056603774,3.39089049142199,3.89031613550459,5.83788333201529,5.46891515783797,3.73535301422291,-1.02268762428521,-0.251095829987936,1.40666668695687
1.5,1.42160716981132,3.40507244413499,3.89008257655644,5.83702682231562,6.32107078102993,3.86796532426492,-0.932784152979334,-0.270164695688147,1.46077208643807
1.51,1.45868886792453,3.41927884944699,3.88975891509619,5.83612087390581,6.50724372657815,3.65846795554845,-0.944114375765358,-0.27448966847046,1.37670749573817
1.52,1.49572320754717,3.43366687266045,3.88943802141157,5.83518813215125,5.62265877400154,3.70781668151493,-1.07326866248007,-0.272638128521376,1.48641598024226
1.53,1.53280490566038,3.44846113716382,3.88917038518262,5.83431089795714,5.42438635149015,3.85571254577397,-0.984621645572361,-0.296202879070548,1.56027204235505
1.54,1.56983924528302,3.46363313397489,3.88896162546434,5.83357838576946,5.96809326573984,3.74309913855691,-0.899675027900045,-0.296552620452782,1.44051546418426
1.55,1.60692094339623,3.47908630828318,3.88883143477246,5.83300203418755,6.14620954072079,3.69208311693678,-0.866337815295123,-0.335695668388066,1.47883214348158
1.56,1.64395528301887,3.49487859182185,3.88871790442203,5.83256125261189,5.46952560433686,3.77742887034302,-0.947708129564051,-0.346308978202125,1.51618159948609
1.57,1.68103698113208,3.51106519449746,3.88860213092673,5.83219767137999,5.74580055881658,3.65024874814489,-0.945484933997229,-0.356482827480992,1.67108463050906
1.58,1.71807132075472,3.52770523780081,3.888456957329,5.83188510712676,6.54143800492125,3.92244344337457,-0.930338974495037,-0.385302649734614,1.81361696418763
1.59,1.75515301886792,3.54472212553331,3.88832493389099,5.83161963899262,6.72662087234718,3.91514851869478,-0.850802966269753,-0.390947763393226,1.8685593170924
1.6,1.79218735849057,3.56207373081817,3.88826773944245,5.83142417966303,6.08539884828057,4.09274010362084,-1.01119408278757,-0.440767055221522,1.64181487528936
1.61,1.82926905660377,3.57973838891977,3.888285797138,5.8313315790228,5.90321891184433,3.93109627491032,-0.874344262549591,-0.420821755900006,1.87479273402597
1.62,1.86630339622642,3.59776273192835,3.88835291231154,5.83138219704882,5.70297046710281,3.88213008034515,-0.936475356646879,-0.455053586333307,1.75871612984762
1.63,1.90338509433962,3.61626859156885,3.88844909619662,5.83157032973863,6.39357224809966,3.62704646103011,-0.822294020451743,-0.425113211734241,1.82754271752782
1.64,1.94041943396226,3.63512866552029,3.88858687860779,5.83184710238192,6.70440893306994,4.20930861768818,-0.849787463310218,-0.477339146896495,1.78428977333013
1.65,1.97750113207547,3.65428089846796,3.88876355951352,5.83215348421083,6.76738615151796,4.27044584200845,-0.919014393144105,-0.455411117322415,2.07567447256096
1.66,2.01453547169811,3.67378194781989,3.8889460994411,5.8325052724691,6.66334896774794,3.81479758393925,-0.875785321543262,-0.49031573411387,2.14193106033383
1.67,2.05161716981132,3.69377670540133,3.88918945644039,5.83294017739791,6.65144679304798,4.23004683020788,-0.94152961265719,-0.553467255555874,2.05171237958795
1.68,2.08865150943396,3.71405120805321,3.88955414558035,5.83349375800426,6.56348754988977,4.36726401947254,-0.808927360019892,-0.543802569587832,2.0602229225646
1.69,2.12573320754717,3.73462576844997,3.89001108269053,5.83415558851129,6.53322981811816,4.03356604175625,-0.867117769468462,-0.537987097961949,2.00716162109358
1.7,2.16276754716981,3.75565560865287,3.89050645904584,5.8348933991894,6.31261086811714,4.2867404511531,-0.855945120120911,-0.540633061279732,2.21963799597235
1.71,2.19984924528302,3.77702787161827,3.89102385846319,5.83569460679201,5.83579671191931,4.40651090617834,-0.773784581246934,-0.545984406256085,2.10694248096017
1.72,2.23688358490566,3.79879146737416,3.89162203021137,5.83657275303733,6.01995605214173,4.73167163748942,-0.841194038326198,-0.605083413281463,2.16546273260559
1.73,2.27396528301887,3.82089129388721,3.89235530225807,5.83750409352791,6.14730399874869,4.94510071828028,-0.706688611446031,-0.568083193389722,2.39449433428917
1.74,2.31099962264151,3.84336277760514,3.89320211507076,5.83845954177681,6.15402108219297,4.60716769205902,-0.765615693866114,-0.637580338155921,2.32757919090932
1.75,2.34808132075472,3.86617514927901,3.8940844475643,5.83946456885004,5.84864700133037,4.59119862247857,-0.709178727416201,-0.606572587146837,2.51099915306419
1.76,2.34808132075472,3.88942733582687,3.89502408635171,5.84055215053702,5.65456095222352,5.02569645711321,-0.665098029317997,-0.64284312010309,2.42873226328684
1.77,2.34808132075472,3.91285790988873,3.89604093650873,5.84167252024074,4.98855507504124,5.05969039836616,-0.713813671396264,-0.710150729373123,2.31082477559871
1.78,2.34808132075472,3.93628614861153,3.8971092544912,5.84277427624489,5.20083871028596,5.16709160605674,-0.765337441130905,-0.684325248947749,2.4401594182896
1.79,2.34808132075472,3.95966001087481,3.89821501592962,5.84381465706642,5.44031028509258,5.41204315783756,-0.657473206512081,-0.692635341347402,2.56042419474586
1.8,2.34808132075472,3.98301320692606,3.89937809274372,5.84479116963793,4.95281428223762,5.26564274395558,-0.621594042122222,-0.777644618995695,2.30142664525731
1.81,2.34808132075472,4.0064836031031,3.90057137388853,5.84577964561118,5.00336508759185,5.38204079132074,-0.656125992903587,-0.741492706271077,2.39847519937908
1.82,2.34808132075472,4.02998686087694,3.9017522625532,5.84675012842507,4.71260797975347,5.1811867312147,-0.700509853043965,-0.804263224964532,2.30054232676082
1.83,2.34808132075472,4.05353906770742,3.90288467692655,5.84768971254382,5.01595230399765,4.98879467252195,-0.611204636025582,-0.835537440675587,2.50068458064869
1.84,2.34808132075472,4.07703879357898,3.90405243861228,5.8485582365343,4.54559480071875,4.98762597749148,-0.62106821262333,-0.812356796044137,2.33497075653667
1.85,2.34808132075472,4.10041074236107,3.90528615355808,5.84939284372522,4.68435601543039,4.61455179123831,-0.559040685669503,-0.785054164576768,2.53528054701379
1.86,2.34808132075472,4.12384804282015,3.90654466995901,5.85021212956821,4.37417690002534,4.21995431177094,-0.562785051314939,-0.838498210082218,2.48353492768109
1.87,2.34808132075472,4.14744747230898,3.90779619387287,5.85102888868392,4.5864546516951,4.93216628555376,-0.527489368384481,-0.800437576966829,2.4537419737731
1.88,2.34808132075472,4.17102772332271,3.90907775088997,5.85178507972302,4.31716613855845,4.47753385608974,-0.539945589590573,-0.872686930564247,2.54090686173148
1.89,2.34808132075472,4.1945451094977,3.91039691328381,5.85253703486491,4.39326448789506,4.22624051328876,-0.469690249010782,-0.853904986670168,2.28878992212876
1.9,2.34808132075472,4.21798408043367,3.91168366270782,5.85333951152942,4.00424192725123,4.59723856175603,-0.482904933036133,-0.893107819092315,2.33107800275361
1.91,2.34808132075472,4.2414436110723,3.91298370473687,5.85416203071851,4.11696363183737,4.48138464790408,-0.436113709793745,-0.940800492074002,2.29934955000339
1.92,2.34808132075472,4.26496054776894,3.91435799790503,5.8548561246315,4.36232005332712,4.54693227879654,-0.439770064705498,-0.906559993805837,2.40298778730281
1.93,2.34808132075472,4.28837049413898,3.91577588650183,5.85543830198584,3.71647873280079,4.10380655874742,-0.414496053579237,-0.963091179417407,2.24856866847373
1.94,2.34808132075472,4.31181842851684,3.91717894140513,5.8560468337574,3.98260409877161,4.2265347147172,-0.404653434720488,-0.954605383669885,2.28791584565522
1.95,2.34808132075472,4.33534299305483,3.91855639830501,5.85667292944772,3.9637349177999,3.94500986892219,-0.387717923245294,-0.942067055235316,2.10601686448478
1.96,2.34808132075472,4.35879372871025,3.91994030992918,5.8572358221661,3.98172839515486,3.91909414087425,-0.34398972704613,-0.935610462988253,2.38717438601695
1.97,2.34808132075472,4.38228211281029,3.92135861786124,5.85772982468276,3.63369496057843,4.49372579501207,-0.323033750472404,-0.960499223489671,2.35213360877571
1.98,2.34808132075472,4.40575872552142,3.92279198815117,5.8582144422382,3.96503584915681,4.20861052059401,-0.286892149452206,-0.952576818102464,2.32285980827301
1.99,2.34808132075472,4.42924131411821,3.92426361418552,5.85866965833924,3.97271702000216,3.71838581803532,-0.26276397642282,-1.03758261305817,2.54012429332826
2,2.34808132075472,4.45284329228291,3.92578530999469,5.85907684954563,3.97983662506547,4.1236874776766,-0.249839263208146,-1.07012358022694,2.37994756949679
2.01,2.33595754716981,4.4763779153613,3.9273156840629,5.85940597094833,3.84119377199831,4.05855123722991,-0.234397974399014,-0.999055430469879,2.14756114148071
2.02,2.32388113207547,4.49985084074409,3.92868527548893,5.85972993018686,3.73825880010008,3.64934141648449,-0.208675473853994,-1.00970772984158,2.26755500396145
2.03,2.31171,4.52322927974142,3.92981395785207,5.86000336717581,3.90211691117576,3.6934747093062,-0.180985755246657,-0.990306504062611,2.46058325872634
2.04,2.29958622641509,4.54659108817304,3.93069238164729,5.86013891827165,3.74787873562985,3.72145575830415,-0.16260172512429,-0.912092052797292,2.39969572650133
2.05,2.28746245283019,4.5699964431658,3.93129197543589,5.86016856054297,3.69723027956779,4.23974952905229,-0.144249073291601,-1.0472473809833,2.22269405448214
2.06,2.27533867924528,4.59352215813412,3.93161288362164,5.86017894141736,3.49369490709915,3.62368126031375,-0.130914965543888,-0.94578417726711,2.40286337532149
2.07,2.26321490566038,4.61704417161646,3.93167283372061,5.86017302828927,3.82390487398027,3.95151046046525,-0.100927057574533,-1.03815592878168,2.39200142792309
2.08,2.25109113207547,4.64041641985295,3.93146479092477,5.86010190674331,3.54704668326186,3.623670173979,-0.0759200661378624,-0.963779794673338,2.49564458700916
2.09,2.23896735849057,4.66372285223549,3.93099161535811,5.85997226130871,3.7096530512999,4.05346126400091,-0.0495866043091554,-0.977147239346386,2.49281313958371
2.1,2.22689094339623,4.68707456456508,3.93027824614494,5.85985925078814,3.7615565301543,3.47539371671246,-0.0265709192280356,-0.979515344305319,2.19909555984174
2.11,2.21471981132075,4.71059091941026,3.92933852801317,5.85980338793374,3.80179409736638,3.76359237116889,-0.00174991617616743,-0.940606819104099,2.34577053823982
2.12,2.20259603773585,4.73425268974592,3.92814096750036,5.85980496172633,3.33565939362685,3.98353373901156,0.0210607002297091,-0.948449651717381,2.24373304818937
2.13,2.19051962264151,4.75774343824623,3.92665492697875,5.85974571692249,3.87152929300599,3.756140712006,0.0417962399277934,-0.970107635491406,2.42819777330329
2.14,2.17834849056604,4.7810572571047,3.92491297004022,5.85971477193796,3.78683307196132,3.46197649257254,0.0667521946026566,-0.966203632448955,2.42078374395435
2.15,2.1662720754717,4.80447288336884,3.92294227785758,5.8598137415813,3.61529039271296,4.01611192527677,0.0944802825032162,-0.968781801959939,2.37070293700132
2.16,2.15410094339623,4.82808710081641,3.92073549267186,5.85998383669332,3.73058528620487,3.43514755496321,0.110311944503758,-0.96016908756617,2.23420916738353
2.17,2.14199137735849,4.85182681402128,3.91825383121911,5.86022291753612,3.7911889654165,3.59228684929243,0.142852353935817,-0.954367812802429,2.4272839527435
2.18,2.12988654716981,4.87560659546527,3.91554201758723,5.8605755623837,3.38507005941489,4.28235502161601,0.160266515945068,-0.99885782553858,2.31175519659095
2.19,2.11772962264151,4.89939170636233,3.91260508010497,5.86103353202443,3.98071608502509,3.91503497398265,0.175448192958033,-1.08269633101522,2.49589615919013
2.2,2.10562479245283,4.92308505491167,3.90939499511753,5.86154167006495,3.94984602245106,3.99974600082048,0.193492352266248,-0.917067867134928,2.45332477590083
2.21,2.09351996226415,4.94679463431707,3.90597613155409,5.86221791292613,3.62576001887395,3.76948897860519,0.249969745086121,-0.956948839033125,2.54422037008177
2.22,2.08136777358491,4.97066573536567,3.90235299106747,5.86306133540365,3.68745140330935,3.79572824167885,0.252048016033958,-0.95978291348373,2.53169814540126
2.23,2.06926294339623,4.99450132081994,3.89846161734352,5.86399402530798,3.77948328950215,3.91152912490186,0.269913009344604,-0.966234317784985,2.42901008764178
2.24,2.05710933396226,5.01835798742108,3.8943509835544,5.86510643968802,4.04375478330551,4.21483351462729,0.305845134040735,-0.976742083992358,2.35241738492827
2.25,2.0450059245283,5.04222482838545,3.89003496752251,5.86637110059952,4.04398314351178,4.15281427096652,0.321421170920763,-1.0187187423472,2.28811796181468
2.26,2.02739330188679,5.06605953022929,3.88548071250931,5.86777559125788,3.84436371416703,3.86078570656429,0.365395612654133,-0.945406145357923,2.12273348357952
2.27,2.00978067924528,5.08981843360491,3.88082352518366,5.86939969442163,4.18624903748762,4.3558239672334,0.371403752721747,-0.918034494933217,2.40548231981252
2.28,1.99216805660377,5.11323181096027,3.87607914164932,5.871140622565,4.23074661843178,3.90384038867375,0.384148970836205,-0.893802487469862,2.25421550048254
2.29,1.97455543396226,5.13620919972545,3.87127209704028,5.87305967148905,4.05411117655302,4.514912753282,0.399058066278638,-0.916254209894025,2.21263876087275
2.3,1.95694281132075,5.15878147607563,3.86647353914479,5.87514669765553,3.74363674260172,4.35583904688446,0.417515606635141,-0.807672871462169,2.31245398328301
2.31,1.9393349245283,5.18087813581051,3.86159294546718,5.87735231013968,3.87833368427167,4.21341083141197,0.455317751909818,-0.945526118124144,2.06407077092222
2.32,1.92172230188679,5.20249202137045,3.85667108970466,5.87972213066071,4.21841424504072,4.37601590760823,0.473046018132657,-0.942455850819161,2.12560351076138
2.33,1.90410967924528,5.2237358132291,3.85169986398406,5.88224823585223,3.78553437274285,4.55079593806199,0.456923469737172,-0.933697269698626,2.09505197436843
2.34,1.88649705660377,5.24451522873594,3.84667440521147,5.8849251114543,4.54906680016839,4.33810683360423,0.508943625507015,-0.861323479759236,2.00566792395357
2.35,1.86888443396226,5.26497432883057,3.84163082165749,5.88781736122259,4.04425859015076,4.41153776515664,0.533933218706055,-0.854761156987909,1.87598183352636
2.36,1.85127181132075,5.28500346927447,3.83653016232418,5.89083143981404,3.77627366937786,4.64780436459918,0.589054685518531,-0.841402142153199,1.87070565679979
2.37,1.83365918867925,5.30456055738268,3.83138390896413,5.89401687219444,4.42672034067588,4.77991752275454,0.583160121830029,-0.816174790955893,1.85289808047406
2.38,1.81605130188679,5.32367770949317,3.82623732661173,5.89737840407979,4.34614962553027,5.0263023265514,0.570545541880944,-0.759504513914125,1.87406119309379
2.39,1.79843867924528,5.3423460371492,3.82105417166449,5.90087686247229,4.54590684841216,4.63537223344163,0.56389055384693,-0.795371150097878,1.9146801573963
2.4,1.78082605660377,5.36077293749592,3.81590462324201,5.90457495780742,4.79012797077447,4.64119836295971,0.59294127189455,-0.854189198656956,1.76590697992684
2.41,1.76321343396226,5.37893412789087,3.81076125810223,5.90842678590993,4.85562035407099,4.91890480449681,0.582604101013967,-0.703468707342131,1.82667379226148
2.42,1.74560081132075,5.39692518804925,3.80564247598364,5.91241342285393,4.68057398042051,4.81883010459606,0.617447650739202,-0.725675147215411,1.71920893212392
2.43,1.72798818867925,5.41472349284993,3.80058847644464,5.91655052252311,4.67135533592977,5.07448921489026,0.624910590445418,-0.719413769465654,1.76338872401545
2.44,1.71037556603774,5.432274837815,3.79553019141894,5.9207697419478,4.88809676596951,4.87161969838192,0.661505648041956,-0.73128648456431,1.68693983365806
2.45,1.69276767924528,5.44963059504674,3.79051907679739,5.92509115294402,4.92781095721385,5.08892611739843,0.612176779001056,-0.773907806524007,1.76443015303526
2.46,1.67515505660377,5.46682232208598,3.78554933976667,5.92953049378668,4.69261613511654,5.31951723055988,0.659004758304467,-0.796065411061042,1.69649604992013
2.47,1.65754243396226,5.48374363702011,3.78060172681139,5.93407539098841,5.03489212198978,5.29959981993337,0.723212906171415,-0.71679390688549,1.53204894894264
2.48,1.63992981132075,5.50048416644511,3.77571128703721,5.93874645547508,4.49962710602161,5.19743772188608,0.670752983949237,-0.711886716037286,1.74409118670535
2.49,1.62231245283019,5.5170457783222,3.77084297588894,5.94352018587696,5.03639002336807,5.69239805427284,0.736764809803928,-0.709678172140265,1.66390823835706
2.5,1.60469509433962,5.53343441583611,3.76599911604048,5.94840931487784,5.27572942419387,5.33251057114098,0.769214023100176,-0.661697404346641,1.59876762647086
2.51,1.60469509433962,5.54972156902088,3.76125488727937,5.95344400930416,5.1884934919886,5.5488527883092,0.653975809607665,-0.674912525026664,1.65663142266131
2.52,1.60469509433962,5.56591269592004,3.75657770412334,5.95858062588398,5.50641736875737,5.50717744222663,0.75568541254265,-0.657050315064458,1.70135082768683
2.53,1.60469509433962,5.58207440241593,3.75201716404537,5.96381684341433,5.24715646894819,6.17740644735616,0.747179925654126,-0.683350863473824,1.58763776241028
2.54,1.60469509433962,5.59814004967437,3.74753361330186,5.96913417898643,4.94134989693862,6.13410110282813,0.804862566167402,-0.554238859011331,1.59558330509392
2.55,1.60469509433962,5.6142291957798,3.74309637782372,5.97450093825436,4.93274058893813,5.83072484843961,0.872112238832549,-0.598151880380502,1.5559804108397
2.56,1.60469509433962,5.63036145043629,3.73876708798535,5.97994744790978,4.45355405192743,6.97261677269157,0.801557377590874,-0.610198218944721,1.55686296675315
2.57,1.60469509433962,5.64648066945867,3.73451331134411,5.98546340386701,4.59014358498453,6.32691112307286,0.808676633598144,-0.611378886517131,1.50031561888077
2.58,1.60469509433962,5.66254744840871,3.73034374627381,5.99102819463302,4.70921907488143,6.49348827190827,0.813462028625111,-0.587052186484697,1.56017810833929
2.59,1.60469509433962,5.67859258479824,3.72628464810405,5.99663723813077,4.56564154167999,6.53953066000744,0.742842215921988,-0.521395711932835,1.58562242738301
2.6,1.60469509433962,5.69461248739596,3.72227316875423,6.00227700137903,4.69945706776102,7.2698762123942,0.843135507423171,-0.535950033053003,1.552776557621
2.61,1.60469509433962,5.71065417531304,3.71837541025964,6.00798259389234,4.48693332780165,7.16697000840088,0.8096485344006,-0.538388725054274,1.56972126224884
2.62,1.60469509433962,5.72677523015277,3.71457473109604,6.01378137836978,4.25735134898806,7.65895539003387,0.818534979007449,-0.524968780424743,1.56801964570617
2.63,1.60469509433962,5.74291834988912,3.71084571441255,6.01964791258685,4.39028858063355,6.42046238082449,0.861145919237513,-0.511880481460132,1.61793817379756
2.64,1.60469509433962,5.7590781742504,3.70724017568431,6.0255922026482,4.32307889376824,6.72975167824583,0.891952588023488,-0.527161014696503,1.44833263151902
2.65,1.60469509433962,5.77516783766684,3.70372569650024,6.03159740737546,4.39861937546843,6.86285669902924,0.838927820345999,-0.505224773224974,1.604066170634
2.66,1.60469509433962,5.79129694898925,3.70035530154534,6.03768294898903,4.19006511269787,6.47637953828594,0.897897264597776,-0.434225080899859,1.57526014948521
2.67,1.60469509433962,5.80737323612395,3.69713075646693,6.04383819828827,4.19229380297445,7.24696060482418,0.952217907031809,-0.44523207455882,1.48158147320246
2.68,1.60469509433962,5.82335611741292,3.69390991651781,6.05001940642079,4.07423101595103,6.25647933803253,0.883492183107265,-0.4505041258958,1.51328248231677
2.69,1.60469509433962,5.83930171006756,3.6907447134083,6.05620904261942,3.7200605580159,6.45128939091893,0.861439421469491,-0.423492302500323,1.59783971590598
2.7,1.60469509433962,5.85530898968744,3.68765303448655,6.06242781852794,4.07061294338337,5.89829144564213,0.923735364494679,-0.420094238594936,1.6425900686709
2.71,1.60469509433962,5.87148307578531,3.68467445303149,6.06867623783616,3.76694564695132,6.88708619311184,0.916823007052165,-0.384245271607085,1.56959187967345
2.72,1.60469509433962,5.88763869236167,3.68185578121654,6.07497397368647,4.09237269482199,6.48668835726147,0.980535383199781,-0.389101191140307,1.60950855709951
2.73,1.60469509433962,5.90376331402555,3.67914096499279,6.08133272764714,4.03994571606632,6.49225326326658,0.926950657518352,-0.365649108126888,1.65385828527968
2.74,1.60469509433962,5.91990164172177,3.67657253331694,6.08776099787376,3.80821354321118,6.57246982325435,0.946998695196347,-0.363203453904222,1.6150369835196
2.75,1.60469509433962,5.93599016214691,3.67416335454571,6.09426565646883,4.18698593312687,6.01032619326517,1.0368727663957,-0.328753472289559,1.53892950314121
2.76,1.62463301886792,5.95199989784781,3.6717904071273,6.10082165686009,3.94576115604746,5.52907918909938,0.985165165848344,-0.333800382623787,1.5128671302612
2.77,1.64454252830189,5.96812490021908,3.66952948495607,6.10736323853602,3.81575900569312,6.47838196640394,0.989361335182764,-0.328103188327331,1.6004970499464
2.78,1.66448518867925,5.98439865285025,3.66738324058625,6.11383876428826,3.76760879190743,6.0941994870723,0.894259223441431,-0.297514513337629,1.63261382545092
2.79,1.68438049056604,6.00096426342108,3.66540620138425,6.12021006326574,3.84889071566744,6.43046727927914,0.907256330188067,-0.27386323280758,1.65652903582505
2.8,1.7043231509434,6.01771334740469,3.66363092333541,6.12644923816864,3.82228448097071,6.3426473409617,0.924234612078744,-0.247001196875,1.93758982794671
2.81,1.72421845283019,6.03463811435126,3.66195762392531,6.13254862639041,3.88746821285735,6.45238219799868,0.942394526345298,-0.262898993350551,1.72207068441166
2.82,1.74416111320755,6.05176162427681,3.66038205854046,6.13851789017527,3.63092282921188,6.00429555222127,0.945708633213553,-0.232018256178918,1.7585118565366
2.83,1.76405641509434,6.06907214639092,3.65893014056322,6.14438742851997,3.89513600604536,6.13509459903041,1.00127445889759,-0.212267051560016,1.77918192414769
2.84,1.7839990754717,6.08652628387339,3.65758308780293,6.15016765610181,3.7462678079669,5.89360719847487,0.98695861950052,-0.208524810259172,1.75588580710237
2.85,1.80394173584906,6.1042358450923,3.6563981209124,6.15586237809829,3.68754238988348,6.14458103274841,1.02431361910125,-0.182678307470198,1.76549815774791
2.86,1.82383703773585,6.12210780186773,3.65538508966913,6.16147075694031,3.79559812893497,5.8669263081209,0.92089578139817,-0.153195831391895,1.73040231747969
2.87,1.84377496226415,6.14016700512641,3.6544489793963,6.16697323093395,3.42917242540926,6.4930059967691,1.12667264584044,-0.1316066823234,1.79252589720649
2.88,1.86367026415094,6.15847225341791,3.6536648074988,6.17235602833181,3.70896133171497,5.92604925587982,0.95370656266597,-0.130706340268074,1.79720367794214
2.89,1.88361434528302,6.17697739342323,3.65298829717144,6.17762740479414,3.39830851813758,5.62602117154646,1.07733421402906,-0.101748862308458,1.98641587772697
2.9,1.90350917358491,6.1956731791106,3.6523868907645,6.18278554641634,3.67277026851728,6.31390857316418,0.940359562968813,-0.0957275707952012,1.76897715773288
2.91,1.92345136037736,6.21460845850161,3.65190430761083,6.18782101114998,3.67722703663194,5.4289314128692,1.00354303967095,-0.071138055611213,1.90829437319952
2.92,1.94334618867924,6.23373812188439,3.65154210951775,6.19274694506466,3.59547447216861,6.41878166281777,1.02050273265859,-0.0487673429298408,1.89561095884601
2.93,1.9632888490566,6.25303627395199,3.6512310638431,6.19754703030106,3.54306291456234,6.15808207679847,1.0110746869703,-0.0286835887804136,1.89577054992729
2.94,1.98323150943396,6.27256325602471,3.65106977910374,6.20222444296967,3.55829082572846,6.46197380257834,1.00384832879131,-0.0101218343315269,1.89361442801987
2.95,2.00312681132075,0.00918741673374152,3.65103658697603,6.20678618608737,3.75066250325802,5.90380521017637,0.991831831632398,0.00897035920059002,1.8558965614483
2.96,2.02306947169811,0.0290353943099659,3.65105335580711,6.21122942172027,3.62150036803453,5.92361890776556,0.958714745372648,0.0294023248007653,2.02742544824079
2.97,2.04296477358491,0.0491610771766389,3.65116473946107,6.21553207733834,3.38075610271027,6.20705501393318,1.00413535669112,0.0488268502844313,2.31613245321304
2.98,2.06290743396226,0.0694934136026606,3.65134017642106,6.21970684065269,3.48391140974114,5.57330913861258,0.950228561427885,0.0681192093726177,1.93100074864306
2.99,2.082798,0.0899966754074279,3.65155094866943,6.22373814924664,3.53273436912658,6.0364308066099,1.08513883351143,0.0884273030461414,2.1891870323302
3,2.10274066037736,0.110745862493861,3.65184989412056,6.22762114057031,3.55180220901973,5.88402846576572,0.994373780132023,0.114656811835757,2.11577889456904
3.01,2.11385096226415,0.131709075558474,3.6522640933882,6.23138146143575,3.7630124795247,5.5848162626434,0.986532694189086,0.134599117147032,2.06661969367175
3.02,2.12496126415094,0.152705749173543,3.65271029638671,6.23505632896895,3.45287045530943,6.1698188076267,0.978835960864322,0.152144199480071,2.19520620181982
3.03,2.13607156603774,0.173796696868741,3.65319479707768,6.23864457281066,3.43486828474469,5.84171047089425,0.888978459865148,0.153829146030297,2.12186266419711
3.04,2.14718186792453,0.194988146194104,3.65371931053954,6.24215732761178,3.36194563456677,5.53740716361463,0.989524734683461,0.196794154288713,2.18253630192135
3.05,2.15829216981132,0.216250620919157,3.65428313574355,6.24563382941455,3.95424114158627,6.06041900863825,0.946231489389801,0.211153904880492,2.19685273671986
3.06,2.16940247169811,0.237635913583387,3.65490583031808,6.24906427880904,3.74723596790068,5.67355012330586,1.00026423901637,0.247293906264378,2.05853941730607
3.07,2.18051277358491,0.259115889124679,3.65568053827206,6.25245505683087,3.50724259180315,6.38959892231349,0.937612761788663,0.276361717238129,2.17401880947517
3.08,2.1916230754717,0.280715582658692,3.656577952486,6.25582912883004,3.85233751476611,6.15491070129504,0.977214099477582,0.265531960284303,2.13956842852444
3.09,2.20272864150943,0.302376444205662,3.65750946552496,6.25916819672348,3.32085496181179,6.30595020032433,1.02626323419235,0.309204088283337,2.07921910450392
3.1,2.21383894339623,0.324191048751988,3.65854458095099,6.26245941790895,3.54687211092118,6.21041664731698,0.879210653060887,0.335438783152917,2.12803629344632
3.11,2.22494924528302,0.346081041786833,3.65960727320489,6.26571472747656,4.01859872770487,6.26705693968904,0.849496816545344,0.334166043879921,2.16250726381268
3.12,2.23607849056604,0.368083170496887,3.66068000346735,6.2689547766508,3.83208476261265,6.4227459921143,0.943034906133155,0.361442357118707,2.25196164164854
3.13,2.24716037735849,0.390241205770104,3.66180605771009,6.27211767529852,3.72643234979784,6.64111838882133,0.913213300176487,0.386605192649204,2.26849286655418
3.14,2.25828962264151,0.412636620907024,3.66299409201733,6.27518737348417,3.70464492065441,6.44696161318231,0.854859314467248,0.396189345115391,2.19992056594916
3.15,2.26937150943396,0.435167308735243,3.66419948377212,6.27817285160442,3.80761441938099,6.35380251942107,0.866806662118001,0.399556118067813,2.25687425589028
3.16,2.28050075471698,0.457745216125241,3.66549577205433,6.28106639843897,4.04833623506388,6.6767686148732,0.922080813196093,0.428478526854575,2.53888236114277
3.17,2.29163,0.480485527229878,3.66690825754244,6.2839138477446,3.61627282364156,6.89168300500011,0.895395347211112,0.474188903746645,2.19890734064102
3.18,2.30271188679245,0.503259662909574,3.66834121330787,6.28674603537534,3.99474452478688,6.6315575973142,0.919776587657644,0.466510267363048,2.30752813138258
3.19,2.31384113207547,0.526141724827966,3.66980739756519,6.2895634482589,4.02185117607362,7.95893474421257,0.890401217831242,0.517139147533242,2.43014671282875
3.2,2.32492301886792,0.549140491157755,3.6713377511163,6.29230717870804,4.34003629845447,7.61613318185666,0.812153745371159,0.525103903925632,2.28418401279398
3.21,2.33605226415094,0.572253101859567,3.67288339300927,6.29500305858495,4.16217511798141,7.15889183212032,0.90768302524,0.517271300729349,2.0609495416551
3.22,2.34718150943396,0.59545249345723,3.67444555287064,6.2976100516693,4.72539131119411,6.90199935446362,0.842729724201208,0.599088855876038,2.2385995397181
3.23,2.35826339622641,0.618853065597553,3.67610771745942,6.30009953206079,4.00938450624799,7.58610012594984,0.866807022767418,0.615157743616542,2.49498555182799
3.24,2.36939264150943,0.642381273919719,3.67786193698885,6.30253634338063,4.07531719842206,7.49286537657861,0.848782198847113,0.616754725042133,2.22709885812144
3.25,2.38047452830189,0.665963505343938,3.67965034770074,6.30493820178422,4.18457059656381,7.47378550245244,0.79367538785189,0.667769866953286,2.39207140500364
3.26,2.38047452830189,0.689660137272771,3.68148004321863,6.30728761275556,4.8906258606916,7.38539598021305,0.763164418664795,0.667099164794115,2.61956994440223
3.27,2.38047452830189,0.71346771051003,3.68329026529429,6.30958081725668,4.7195969637757,8.28801792304261,0.705035585777348,0.683178627080042,2.41816296356136
3.28,2.38047452830189,0.737273505125864,3.68508453432039,6.31186666953474,4.45821876591726,8.38104253951473,0.721981519672237,0.668612826151659,2.22395830746348
3.29,2.38047452830189,0.761119674885431,3.68695106316206,6.31406368647471,4.66831152337668,8.7467982618714,0.722112051567732,0.68334012394152,2.28153121503633
3.3,2.38047452830189,0.784991071926994,3.68892859175752,6.31619080344635,5.30321211682501,8.79659858387243,0.740165588830488,0.766196817174091,2.28295252024569
3.31,2.38047452830189,0.808813636625838,3.69096047012043,6.3182966662264,4.89788499904727,8.10321982122752,0.6400729851183,0.666770084000876,2.40545631327528
3.32,2.38047452830189,0.832624115851298,3.6930673860945,6.32036886616469,5.28952648352795,8.50530812443746,0.660172778535953,0.723745526239376,2.41941856698508
3.33,2.38047452830189,0.856455279214281,3.69526771189144,6.32238111791172,5.20375823277131,8.35347939562307,0.598092211545327,0.737119819373442,2.19698479047227
3.34,2.38047452830189,0.880189095327987,3.69750311416431,6.32441003114204,5.83800955625182,7.88087555681924,0.660214743269447,0.731959458571367,2.36602664478299
3.35,2.38047452830189,0.903902214813781,3.69976959851328,6.32641193044071,5.19484931438987,7.79706360488637,0.598508741227697,0.753915691463284,2.57027889400495
3.36,2.38047452830189,0.927650369893587,3.70208367548648,6.3283070411585,6.1765498214257,7.11517558338579,0.582605042202258,0.710200972955214,2.40782623820297
3.37,2.38047452830189,0.951466173518965,3.70442216936602,6.33012431710215,6.05965039511111,7.34689414577406,0.591710863766231,0.740625231370644,2.22487958512108
3.38,2.38047452830189,0.975346791627899,3.70678495859935,6.33187367739012,7.17284441642019,7.59095771164114,0.56730325752019,0.805637413034477,2.63727232429386
3.39,2.38047452830189,0.999233808133924,3.70918367035055,6.33355409740201,6.86177524421696,7.01885162706189,0.508578125436424,0.786414421045064,2.40882519469461
3.4,2.38047452830189,1.0230519371236,3.7116483773757,6.33519722993528,6.61103888174501,6.61297364226819,0.516658133850254,0.886530137951736,2.28590962169774
3.41,2.38047452830189,1.04679170606649,3.71415515766478,6.33685693837944,6.89179909716642,7.17777096964944,0.506960602452748,0.899118219888479,2.15954805886009
3.42,2.38047452830189,1.07050740659481,3.71673164990417,6.33840801039503,7.19748586608073,7.49047197065899,0.505168238021623,0.853527550802689,2.41745971456842
3.43,2.38047452830189,1.09442428545243,3.71936301185838,6.3398257374839,6.31257888206081,6.7225684881569,0.428226460859278,0.923365365561995,2.41823872382124
3.44,2.38047452830189,1.11831166052345,3.72199401665733,6.34119059275451,6.68295237270206,6.49206502291445,0.434442978468702,0.910484984435029,2.28504416787072
3.45,2.38047452830189,1.14223367541664,3.72462373644303,6.34251148716359,6.96508575752494,6.6450607519604,0.460236059247611,0.951773251250636,2.14614476700118
3.46,2.38047452830189,1.16607621973429,3.72724611959452,6.3437877993768,6.61031345025972,6.69573471104943,0.401985083522358,0.902206610555582,2.25082626178146
3.47,2.38047452830189,1.18986039644271,3.72990438608504,6.34506212005136,6.43921062708538,6.5473443366522,0.376562071164735,0.911216311168087,2.30171738732797
3.48,2.38047452830189,1.21365135701332,3.73261272090116,6.34624417402728,5.87362636165195,6.27577366081535,0.346932720235006,0.941643628978979,2.49694396946418
3.49,2.38047452830189,1.23751657280291,3.73537074782546,6.34726343961344,6.31234750155786,6.18504651590301,0.325037027665333,0.979767354548662,2.59293344276783
3.5,2.38047452830189,1.26146039353157,3.73815934537082,6.34823149136538,6.51960988587867,6.15647088168394,0.329782651820014,0.925250151981053,2.42568808525292
3.51,2.22348113207547,1.28538938370352,3.7409616423727,6.3491418216668,6.22645569378668,6.14547030570331,0.293495558132016,0.993635806154964,2.28422535557743
3.52,2.06644037735849,1.30866830543378,3.74371076676383,6.34999529044499,6.21171564323454,6.44392658834298,0.229250045572694,0.944717927229004,2.27087773299644
3.53,1.90939962264151,1.33067552073396,3.74627623007176,6.3508054367735,6.39613599559169,5.90926942952525,0.252158000577644,0.923083272278459,2.11607366958943
3.54,1.75245358490566,1.35128814499289,3.74860444627934,6.35151061833741,6.23455221777608,6.51428506919,0.216378544784306,0.957469121395072,2.02646899230004
3.55,1.59541283018868,1.37065186187779,3.75067613828335,6.35198959675649,6.37608238608272,5.92583999555632,0.212519814371073,0.97859705143839,1.8687317663245
3.56,1.4383720754717,1.38860125743025,3.75250258770086,6.35231927798248,5.72014060785459,6.2145525411203,0.185940963908462,0.931728622784629,1.64471931004834
3.57,1.28133132075472,1.40506114983407,3.75415579672791,6.35259433205205,6.30470445233898,5.91621227871256,0.148395274495465,0.975538430641038,1.61355323368418
3.58,1.1243379245283,1.42011799821506,3.75569480625892,6.35284939049019,6.01424984716273,6.38279507307235,0.146378306515818,1.05347748418602,1.46415966899326
3.59,0.967311377358491,1.43383758414689,3.75706525360367,6.3530758278297,5.93296692396606,6.27284173004545,0.142374687963653,1.06003572545915,1.24063399620358
3.6,0.810280094339623,1.44628832211711,3.75822844815322,6.35324744756638,5.78591478210413,5.81439128414242,0.129621680613417,0.985128030271607,1.21897046136227
3.61,0.653291433962264,1.45731477514849,3.75916127791594,6.35334007300873,6.09161995293787,6.59430457357132,0.107927965060238,1.00868841559952,1.01132964661871
3.62,0.496259203773585,1.4669089477238,3.75987471865047,6.35331597992019,6.13238917811145,5.81701241476418,0.107569760415274,1.01134946845467,0.909279960936299
3.63,0.339224132075472,1.47519080397927,3.76039926726519,6.35321526303049,5.29945311453235,5.83952452728184,0.0991032085463074,0.93528724824259,0.761696748915072
3.64,0.18224020754717,1.48225080078389,3.76073630018506,6.35310655330961,6.23381777023503,6.07772428492066,0.0938660157379338,1.02701414338517,0.676464486633878
3.65,0.0251947169811321,1.48815312519787,3.76087544472718,6.35301928003322,6.0299262620726,6.11019897130748,0.0809127580021816,1.080321034617,0.520699273411181
3.66,-0.131846037735849,1.49288354755474,3.76081708073622,6.35293728651233,6.02021726087287,5.72378896791258,0.0809148893155533,0.976442112737667,0.386930156109413
3.67,-0.288792075471698,1.49639726955896,3.76056573881385,6.35282422736294,5.66966321886719,5.8025762504556,0.0792934052935527,0.974199789473583,0.304386853869295
3.68,-0.445832830188679,1.49865095537883,3.76012018109574,6.35265521568787,4.88242401780118,5.80223249097476,0.070043574868158,0.953284712242621,0.164697857664307
3.69,-0.60287358490566,1.49949359222881,3.75946401859921,6.35241820466991,4.16695820501842,5.92310153484139,0.0759405612223988,0.990520475272064,0.0200356910790178
3.7,-0.759895396226415,1.49896956106373,3.75860968401449,6.35213052991124,3.96464438085518,6.08245721094802,0.068360564395011,0.926725700535732,-0.114495836611867
3.71,-0.916921943396226,1.49725428536292,3.75757701215698,6.35184034674179,3.59889775423194,6.1978535132415,0.0703740591778301,0.973611795701331,-0.240793811576061
3.72,-1.07394849056604,1.49439055476775,3.75636013021936,6.35155680726532,3.44038211081813,6.11148649569628,0.0758004317872274,0.970514496159535,-0.328217440067692
3.73,-1.23097030188679,1.49034756081119,3.754948566613,6.35128776588818,3.00085438382791,6.38043956920297,0.0776587530710344,1.04735628707438,-0.498515622567464
3.74,-1.38794949056604,1.48504325314905,3.75333018724261,6.3510017233474,2.64127186466382,6.16365170467466,0.0802451312410179,1.07200159851917,-0.583203400562047
3.75,-1.54497603773585,1.47853148004227,3.75151842266313,6.3506805095709,2.26914594269117,5.74511717735623,0.0882003824078972,0.951151884114135,-0.75681230548658
3.76,-1.47417509433962,1.47068688644326,3.74950515775821,6.35032305038264,2.42504437624069,6.27716596212611,0.102700490268127,1.08522727432804,-0.809576572803464
3.77,-1.40342150943396,1.46174828751331,3.74712696530523,6.34990005041926,2.18004331948164,6.18099802301085,0.10731168623457,0.966121969348914,-0.984880155457675
3.78,-1.33262056603774,1.45192623049338,3.74437925470122,6.34946357975842,1.85287925974564,6.13481091871201,0.119011841801028,0.97910928091851,-1.04769376756417
3.79,-1.26181962264151,1.44122785810564,3.74124503684867,6.34908106389519,1.67847495321712,5.82872163111,0.121337572427575,1.02676452766871,-1.08521087926543
3.8,-1.19101867924528,1.4297780007815,3.73773759178457,6.34870054864181,1.58396884199548,6.28342181449577,0.143437909561912,1.03969670474873,-1.2464143941767
3.81,-1.12026509433962,1.41822181515996,3.73395090689211,6.34826988388501,1.49364831631665,6.56443848988093,0.144287485227941,0.974485899335183,-1.17832733941562
3.82,-1.0494641509434,1.4071473556319,3.72994163655488,6.34772005497326,1.41128758885349,5.86164514831824,0.159845501845283,0.888678958662669,-1.08052764483987
3.83,-0.97866320754717,1.39675650476649,3.72569235780943,6.34709486918262,1.2139289143747,6.77361791014616,0.168883379306619,1.01309137582035,-1.05062886826315
3.84,-0.907862264150943,1.38716907479031,3.72118974593477,6.34637243558221,1.11055712401087,6.51581149863285,0.178582652588627,0.927525967241691,-0.880329020855124
3.85,-0.837108679245283,1.37829055995232,3.71645805504051,6.34552237565734,1.12367306799098,6.09380095047044,0.192765026157996,0.975791019957116,-0.874478583689773
3.86,-0.766307735849057,1.37016029443389,3.71150761277164,6.34456759314203,1.03260637985187,6.55618571823887,0.200368458513932,0.914516571114036,-0.822441191338039
3.87,-0.69550679245283,1.36290008064863,3.70630248250473,6.34350429705417,1.01650939166686,6.89190539122692,0.212699896360858,1.01623847995273,-0.750141048851589
3.88,-0.624705849056604,1.35644928581291,3.70083711704037,6.34239366561287,0.904021368889842,6.95400576216499,0.201528737369138,0.865946809352106,-0.652925692435556
3.89,-0.553952264150944,1.35076907779755,3.69513496382732,6.34125399478035,0.891269615070622,6.90012456791386,0.225646363938853,0.963708874453789,-0.602706865844186
3.9,-0.483151320754717,1.3457720531285,3.68922806912754,6.34003254865565,0.779474142294671,6.09154069093575,0.238964346817511,0.907404457607406,-0.536898836103688
3.91,-0.412350377358491,1.34149848805889,3.68311181059357,6.33865640083796,0.779745126962276,6.1335252859329,0.239821150469173,0.935993416027323,-0.407729915487776
3.92,-0.341549433962264,1.33789182454465,3.67678524896575,6.33711322917092,0.75136126985372,6.1525186272205,0.25123230365846,0.8597659057808,-0.407410346478582
3.93,-0.270795849056604,1.33497277902981,3.67023867355703,6.33544942148496,0.668230845007126,6.21120576354278,0.237554750763676,0.955436256041499,-0.34135142427832
3.94,-0.199994905660378,1.33287594933136,3.66345596787371,6.33376554575927,0.736108420302476,6.36323076751904,0.238525693844173,0.879902644797198,-0.243013732632338
3.95,-0.129193962264151,1.33158735126389,3.65643432211443,6.33204169502341,0.659134898963923,6.31890935820082,0.245073552214094,0.858231593867687,-0.17059127405954
3.96,-0.0583930188679247,1.33098326133153,3.64918468320075,6.33024727688059,0.680312509373513,6.4787618424403,0.240996864281074,0.860293338438594,-0.115147061391827
3.97,0.0123605660377356,1.3308927631299,3.64176627882882,6.32834579928814,0.63078054243911,6.24576218524993,0.260123986781536,0.989405105572898,-0.0644513016210909
3.98,0.0831615094339619,1.33153172776821,3.63412620743557,6.32630415833188,0.588581017268157,6.75952378705325,0.243048250337757,0.904828813222371,0.00938090041642055
3.99,0.153962452830189,1.33292999110914,3.62623829185993,6.32423121235072,0.579247847989073,6.13891733691509,0.250711123675586,0.919344036757743,0.0790332130902447
4,0.224763396226415,1.33490225337316,3.61815718120171,6.32211500282137,0.528214919310583,5.94506287461931,0.236645471381939,0.891748922930755,0.146302123648679
4.01,0.224763396226415,1.33767122757737,3.60984224184974,6.31996576623622,0.508394731379448,6.12161151148919,0.245460836628971,0.879136785836143,0.214853134090021
4.02,0.224763396226415,1.34063177687846,3.60135664464752,6.31785901877633,0.484079519532309,6.24284891591389,0.247376356542942,0.845133789668204,0.229111952689339
4.03,0.224763396226415,1.34346876581224,3.59274251062483,6.3157069686851,0.500248885513719,5.85971025366865,0.236539445494012,0.965013653800276,0.229894480080648
4.04,0.224763396226415,1.34618554220493,3.5840262396428,6.31347133554934,0.51165474360094,6.51149169119202,0.230168193617468,0.953550166967471,0.210783325944674
4.05,0.224763396226415,1.34887078188919,3.57517079261166,6.31122588159579,0.529780322830599,6.44443113244143,0.232915629363019,0.887767203117037,0.209987757347505
4.06,0.224763396226415,1.35149070191499,3.56617967233812,6.30895760304573,0.477291625539089,6.25678324946083,0.235659619699461,0.938772885888287,0.193978989288292
4.07,0.224763396226415,1.35407864245697,3.55706754917409,6.30668961864234,0.46474769369394,6.25844211826636,0.228409012238693,0.870226424706799,0.210864915383956
4.08,0.224763396226415,1.35674277250092,3.54779975789271,6.30448389069284,0.444991558865431,6.02375894971494,0.244105431367921,0.934841661865995,0.224352087759758
4.09,0.224763396226415,1.35933020204533,3.53841136686155,6.30226137732763,0.409897525428316,6.13843656965115,0.230965612482054,0.932111253707524,0.221895767531006
4.1,0.224763396226415,1.36178828149577,3.52891472143806,6.29996669424597,0.485613563261653,5.85689377256505,0.210180075957742,0.861793719731183,0.207184381436934
4.11,0.224763396226415,1.36423809457254,3.51928379937268,6.29768818997291,0.45499725542964,5.97237835454499,0.222587586313448,0.928338668333026,0.192808298077726
4.12,0.224763396226415,1.36665034841017,3.50952746038334,6.29540290929767,0.398075097682558,6.55797916290197,0.229221109497299,0.837528008619723,0.194975273369059
4.13,0.224763396226415,1.36897798344331,3.49964727612225,6.29309066607428,0.398528936678176,6.0550170914569,0.219068490614103,0.927688544257267,0.209363268937189
4.14,0.224763396226415,1.37135049677327,3.48962824111522,6.29082676043532,0.405119270441522,5.92259859906734,0.228890228935043,0.858095289835132,0.201497354392126
4.15,0.224763396226415,1.37360007036314,3.47950284328236,6.28850459192167,0.441806279974834,6.31611486047383,0.221660273529515,0.922408250845927,0.219779008184224
4.16,0.224763396226415,1.37582550518683,3.46924620170201,6.28619968206571,0.409314491531874,6.23840596219935,0.201795970356598,0.896617842587584,0.211676269384269
4.17,0.224763396226415,1.37805463164875,3.45886217106734,6.28391527755139,0.404215476685817,6.0365710175015,0.198183226712813,0.857383456594829,0.220647379046652
4.18,0.224763396226415,1.38022998235385,3.44837144980616,6.28161498780674,0.41997364687732,6.46177333405986,0.199309614259638,0.883296868429253,0.192336376416483
4.19,0.224763396226415,1.38236866756921,3.43773688704535,6.27932201024545,0.401217986203057,6.60931113183297,0.208780717303771,0.88621823462847,0.220331862027301
4.2,0.224763396226415,1.38446738516342,3.42699022829765,6.27701629966148,0.397530719469922,6.03479109408907,0.223729679569364,0.928812266903721,0.18281569508947
4.21,0.224763396226415,1.38651924735919,3.41611495766816,6.27470222863609,0.392826929152839,5.39783880983866,0.202054086049491,0.86598650249335,0.208167233226577
4.22,0.224763396226415,1.38854821172911,3.40511555505628,6.27241272464456,0.390983115632233,5.91481171747951,0.194436702087766,0.898320815029462,0.202889286963331
4.23,0.224763396226415,1.39052020161968,3.39401255850451,6.27009293871333,0.409009198873639,5.77782356809796,0.214696414539679,0.827862966431254,0.2180078936861
4.24,0.224763396226415,1.39244969953177,3.38277648517802,6.26777825377798,0.396020340169912,6.36360558157456,0.188723013913611,0.900562626944857,0.187824638187258
4.25,0.224763396226415,1.39433930832006,3.37141584550614,6.26545350469908,0.447697358769226,5.69895292269891,0.193443137762616,0.891806034712957,0.195193411709254
4.26,0.190096981132075,1.39626477638382,3.35993015292925,6.26316589740093,0.407514446197628,6.11098786674742,0.205400066602596,0.850964469301606,0.215127479158472
4.27,0.155430566037736,1.39784991010516,3.34838701982251,6.26091386353513,0.400971120809852,5.95761703153685,0.180819100112414,0.833657514531095,0.182896416003945
4.28,0.120811509433962,1.39904837884328,3.33681819348634,6.25866762858158,0.42410317117747,6.34529735117854,0.185576847599312,0.948614881417942,0.157951053320872
4.29,0.0861924528301886,1.39983761399323,3.32520499704294,6.25643298868164,0.41882513715205,6.24570231985115,0.185679115233723,0.955568321810501,0.110913925968803
4.3,0.0515260377358493,1.40021935139171,3.31355812309539,6.25418555817513,0.434641593267292,5.91849861326265,0.180248134094462,0.897306659922577,0.0735034156908959
4.31,0.0168596226415095,1.40024342028587,3.30187577461672,6.2519597782953,0.48135388848245,5.87386424695275,0.186633541878514,0.904282930379346,0.0516260427855388
4.32,-0.0177594339622642,1.3999319394553,3.29013600076415,6.24976651352917,0.486876470637427,6.12513138106815,0.193400494897085,0.923242426481181,0.0183736196336898
4.33,-0.0523784905660378,1.39926733243138,3.27835357979535,6.24757488038661,0.477687013036831,6.18013183908485,0.197846842772535,0.825409790752238,-0.00278080952097276
4.34,-0.0870449056603774,1.39824126899505,3.26651747182635,6.24539667115386,0.513105975496756,5.76645335498676,0.180195417123747,0.890838777202222,-0.0384075951552188
4.35,-0.121663962264151,1.39679771743873,3.25465096635921,6.24315983727617,0.509266320579099,6.00745952195343,0.177695805777191,0.946840000993501,-0.0784833771574206
4.36,-0.156330377358491,1.39493308407271,3.2427576876521,6.24087389330157,0.530823183250688,6.01305878000504,0.203856960816706,0.860428106043633,-0.0980126535913844
4.37,-0.190949433962264,1.39270325498941,3.23079931168341,6.23860781739635,0.550259679167678,5.7219739923861,0.177519628557842,0.95437493415724,-0.147552983260289
4.38,-0.225615849056604,1.39014295397649,3.21879244936461,6.23630640158648,0.615822619474489,5.95925925115253,0.18772922755403,0.926095995176175,-0.174875659375954
4.39,-0.260234905660377,1.38722212939026,3.20671757788142,6.2340372418209,0.609853073505356,6.68570409485182,0.197826060728009,0.889669325400982,-0.209990916805866
4.4,-0.294901320754717,1.38396322651183,3.19458908530044,6.23171402916012,0.7046606716832,6.5280318581474,0.206725735701512,0.950854737016071,-0.256806750280857
4.41,-0.32952037735849,1.38028936311177,3.18242472071024,6.2293146347295,0.790714649122859,6.30658832025556,0.210827919251487,0.906484272486102,-0.294645774002254
4.42,-0.36418679245283,1.37622016569972,3.17019516341136,6.22685628926194,0.847412747565444,6.07970052724275,0.214121118682161,0.961394545471589,-0.312644988864428
4.43,-0.398805849056604,1.37182174148301,3.15790551455585,6.22435264766898,0.894747668762131,5.68858042127392,0.213482069703597,0.899397779461697,-0.317857221450205
4.44,-0.433424905660377,1.36705901168696,3.14555584482597,6.22178896641201,0.979211541990393,6.11325200097995,0.215013089010282,0.924078882242104,-0.3779846150133
4.45,-0.468091320754717,1.3619790398088,3.13311948299588,6.21921183505245,1.00700835564769,5.66065121035154,0.201805924944582,0.930269390825599,-0.406223658917884
4.46,-0.502757735849056,1.35661334585483,3.12061718471494,6.21652846741963,1.26103858436227,6.19747131392969,0.223115967477966,1.03971818433072,-0.45209780731839
4.47,-0.53737679245283,1.35084905309865,3.10804553826082,6.21377901731861,1.41926773281791,6.2552362304785,0.218941537647565,1.00658957858807,-0.511199491935414
4.48,-0.571995849056604,1.34484887045233,3.09539457707104,6.21097080812978,1.62592660525285,5.73337712294373,0.243037313743037,0.962480962616658,-0.483359282490186
4.49,-0.606662264150943,1.33857153178649,3.08267903306206,6.20802290630421,1.98175017084114,6.07005969356672,0.237004156099636,0.928359352318894,-0.555934477884467
4.5,-0.641328679245283,1.33198568179018,3.06987755726136,6.20499201031716,2.76462039472894,5.98503328356024,0.255144733761644,0.943311510268291,-0.631649836620192
4.51,-0.67017,1.32518511659116,3.05698081923425,6.20184407547706,3.30955889441811,5.75436519192304,0.265094301656308,1.02901537255592,-0.614377461858806
4.52,-0.699011320754717,1.31822842885139,3.04397177301913,6.19858004931837,6.28033420220572,5.79995637935438,0.24541739086845,0.922311378244181,-0.639123872587205
4.53,-0.727852641509434,1.31113892719547,3.03080240754413,6.19521879029061,7.21136990598099,5.99857498747264,0.245171696073329,0.944315123326213,-0.696985103060631
4.54,-0.756693962264151,1.30409660230137,3.01761873561133,6.19176740596703,7.39390223352415,6.58690177619346,0.273526393865463,0.972391942322558,-0.687526576702758
4.55,-0.785487924528302,1.297390526491,3.00513548304382,6.18857141069646,7.18050440449025,5.60553218345622,0.258119865343994,0.900344048249256,-0.69961595016416
4.56,-0.814329245283019,1.2907626718516,2.99281385218377,6.18543485485756,7.63817346443146,5.8900622913023,0.309703447983767,0.928615034602289,-0.654822289130761
4.57,-0.843170566037736,1.28417098926866,2.98049653080739,6.182304553376,7.36323247765257,6.07677058347471,0.280423063224883,0.928917525997919,-0.671551331669287
4.58,-0.872011886792453,1.27784392261664,2.96837348464873,6.17935506379672,7.21185136818735,6.03840763848878,0.307007354195041,0.931289298656632,-0.574843126070469
4.59,-0.90086741509434,1.27224442456805,2.95680905525368,6.17679677769467,6.80129119250886,6.43103150455934,0.296405812526964,0.967152536812797,-0.533849677727549
4.6,-0.929708735849057,1.26713264079755,2.9456545198222,6.17428435160484,7.4177869966789,6.01619280478684,0.280462454693175,1.00111262293496,-0.523386907236954
4.61,-0.958545320754717,1.26125562913033,2.93492111086863,6.17212198119275,7.31913153056111,5.97271231879648,0.279874426542118,0.852915188446394,-0.609550393870976
4.62,-0.987386641509434,1.2535375389308,2.92474613554622,6.17070530257672,7.13187001881427,6.13323132058599,0.335748168192046,0.990165726022342,-0.864433744353491
4.63,-1.01622322641509,1.24509018116435,2.9148451320729,6.16959891716972,7.54120493193948,6.60963281145446,0.330369708040187,0.882847766597242,-0.806399938979003
4.64,-1.04506454716981,1.23670679420292,2.90519798071588,6.16850462007798,7.08765354992215,6.19072526271534,0.322977859329748,0.994568788349481,-0.798521525667303
4.65,-1.07390113207547,1.22929250888258,2.89605957413983,6.16715455355959,7.16184351375745,6.07453469119913,0.34391492721299,0.918253369279693,-0.713551767098697
4.66,-1.10274245283019,1.22300890215674,2.88743840107453,6.16550809742721,7.42843143875231,6.59778768299536,0.337398735319341,0.9427393564939,-0.597135997274171
4.67,-1.13158377358491,1.21752824886507,2.87921343191651,6.16369643686934,7.20744818197022,6.21689470549598,0.357965084228117,0.926831122750508,-0.549393394954055
4.68,-1.16042035849057,1.21266625193926,2.87130205994617,6.16173960416225,7.18549168357507,5.65457045668493,0.343149399993405,0.925667646489524,-0.483533411021975
4.69,-1.18926167924528,1.2083777291185,2.86368853731833,6.15965909794506,7.4686504147225,6.96054416273178,0.317235449535915,0.908290048396982,-0.442265793259723
4.7,-1.21809826415094,1.20484404618353,2.85644242476479,6.15741364314189,7.2363805414574,6.3764802340524,0.360442004412535,0.978066992226998,-0.312334257879217
4.71,-1.24693958490566,1.20210921234793,2.84959192881374,6.15500919264584,7.69363793578221,6.04270436257892,0.370364729403271,0.842246101715914,-0.238757149027594
4.72,-1.27578090566038,1.20010608686951,2.84311265218289,6.15244240193896,7.8470957911745,6.38622126031695,0.347848015855075,0.876299950285944,-0.162166689829125
4.73,-1.30461796415094,1.19882377676056,2.83700847624062,6.14970320138307,7.20481554544483,6.43993801784865,0.398781464155092,0.86133281178466,-0.111213443489718
4.74,-1.33345739056604,1.1971845168883,2.83114262158705,6.14699833641543,7.70078597346231,6.49241162777696,0.400445292822667,0.988986412378625,-0.232984616106552
4.75,-1.36229681698113,1.19377534341173,2.82552361964749,6.14469105225136,7.38214223431698,7.14060378706874,0.366369235779549,0.876026123116764,-0.430175051172276
4.76,-1.36229681698113,1.18885808281904,2.82005711059402,6.14265042374634,7.30164121729994,6.53372816957824,0.391920669137252,0.998500308676718,-0.482722742335591
4.77,-1.36229681698113,1.18322615375075,2.81475889240632,6.14067072961531,7.88135785552718,5.83518299176037,0.352328784289588,0.905072258583924,-0.596751569254868
4.78,-1.36229681698113,1.17707837498277,2.809641406682,6.13869893205148,7.54068694539978,6.41187445825749,0.388708587876974,1.00238885491894,-0.642513371124557
4.79,-1.36229681698113,1.17037071850085,2.80470732870307,6.13671327094094,7.02086366771561,6.39966959597058,0.358907528104637,0.908561830868571,-0.676051308109503
4.8,-1.36229681698113,1.16302776319884,2.79993689691848,6.13468100438796,7.61635089909882,6.23010771931217,0.394053418611434,0.879505956832711,-0.752796671072481
4.81,-1.36229681698113,1.15492842959019,2.79533171299565,6.13265649853792,7.73244793740541,6.06461989237293,0.413238724039771,0.866024528041711,-0.896756514448782
4.82,-1.36229681698113,1.14603539596208,2.79090534374628,6.1307085317649,8.21773321890279,6.33248964126546,0.422140947792862,0.856584485721559,-0.88770072753564
4.83,-1.36229681698113,1.13643649834414,2.78668231133158,6.12887928233843,7.43860344914585,6.2804454052147,0.406324984417014,0.912099894857311,-0.942533769508152
4.84,-1.36229681698113,1.12610035439019,2.78266581031716,6.12718139110477,7.39507128609503,6.43391361706006,0.383572539954165,0.902860795157947,-1.11832983982087
4.85,-1.36229681698113,1.11509199114046,2.77883841146013,6.12548322201466,7.22401130085789,5.96786655073646,0.443397225695342,0.821261749539358,-1.09078906719678
4.86,-1.36229681698113,1.10348923205052,2.775168419179,6.12374691188659,8.15932272701306,6.85921945721433,0.473477300668431,0.958334717882268,-1.2033832272508
4.87,-1.36229681698113,1.09122814879576,2.77165711123283,6.12204033342924,8.07110055138449,6.23847227850678,0.421245847303873,0.894009986296219,-1.25095389402599
4.88,-1.36229681698113,1.07834559540611,2.76831783092097,6.12037176851788,8.16271495743895,6.84132549648788,0.442690981003419,0.898455077289103,-1.27230060579752
4.89,-1.36229681698113,1.06508583561099,2.76511538230032,6.11867952509203,7.20471293764988,7.24356348479822,0.484954974055378,0.840440107496271,-1.40396640202758
4.9,-1.36229681698113,1.05156122282689,2.76200593907484,6.11695716296052,7.06285352472829,7.76360675978367,0.520256391241598,0.951837559794698,-1.46113758292667
4.91,-1.36229681698113,1.03797661059201,2.75893448849416,6.11517375578689,7.30673368677581,6.71367167537954,0.50315346073842,0.878020341828148,-1.32814348715668
4.92,-1.36229681698113,1.02444727533305,2.75586081122943,6.11338389408093,7.20889306456599,6.16972251534964,0.516436998469431,0.862281543279991,-1.34279048694591
4.93,-1.36229681698113,1.01087121307083,2.75278244962243,6.1115447514212,7.27127005299131,6.61198526103089,0.545059101818841,0.809515577371743,-1.45162483774287
4.94,-1.36229681698113,0.997296760895456,2.74972004452545,6.10962970720992,6.7829537296165,7.22198273308973,0.483099648666555,0.895795719796263,-1.25262638300528
4.95,-1.36229681698113,0.983786518790027,2.74669871946733,6.10768894359384,6.7147474481337,6.5018794709369,0.537462083393833,0.897363471083487,-1.31464490424716
4.96,-1.36229681698113,0.970204185967742,2.74373414552315,6.10576146281306,6.18834657137261,6.71247398509539,0.58234898864243,0.851502164936764,-1.30172959148038
4.97,-1.36229681698113,0.956673348585804,2.74081828132915,6.10377751854859,6.2798186100221,7.22969393326767,0.553547396479043,0.887321603656981,-1.43093988731418
4.98,-1.36229681698113,0.94314164779805,2.73792751820711,6.10173011398606,5.70699596643022,7.03512359512769,0.594390922063,0.796556103971913,-1.34907846889828
4.99,-1.36229681698113,0.929599015852842,2.73505421284321,6.09963301080189,6.07611434118737,7.3217024354569,0.544826180484617,0.85778336496499,-1.3511922323358
5,-1.36229681698113,0.91602543471588,2.73220100985262,6.09752432207947,6.01307225096858,7.71839177493868,0.640051298311323,0.837456321181909,-1.32920685023022
